cell,rho,alpha_b,seed,delta_ZY,N,pi_c,n_C1,crash_rate,tau_LATE_true,NDE_LATE,NIE_LATE,tau_IV_IPSW,SE_tau,CI_L,CI_U,bias,bias_pct,ci_covers_true,tau_IV_positive,FS,RF,reject_H0_tau0,degenerate
T2-a,0.5,0.3,42,0.0,1000000,0.338525,102311,0.102311,-0.06305028835089903,-0.06524843603783635,0.0021981476869373058,-0.06571032553461578,0.003029772447545735,-0.07164867953180543,-0.05977197153742614,-0.002660037183716754,4.218913589915128,1,0,0.338400714616609,-0.022236421118603987,1,0
T2-a,0.5,0.3,123,0.0,1000000,0.337101,102496,0.102496,-0.0632556062848578,-0.06545860998161038,0.0022030036967525765,-0.05827461745482048,0.003005882590008855,-0.06416614733123784,-0.052383087578403126,0.004980988830037315,7.874383193177409,1,0,0.3376334537842805,-0.019675460359228757,1,0
T2-a,0.5,0.3,456,0.0,1000000,0.33768,102387,0.102387,-0.06310761944910451,-0.06530633555192603,0.0021987161028215007,-0.05997390454051411,0.0029928350768329555,-0.0658398612911067,-0.054107947789921514,0.0031337149085904,4.965668069792589,1,0,0.33920642413477253,-0.020343533700587987,1,0
T2-a,0.5,0.3,789,0.0,1000000,0.338303,102407,0.102407,-0.06301074207384728,-0.06520786585062725,0.0021971237767799273,-0.06042195154740156,0.0030184354694541868,-0.06633808506753176,-0.054505818027271356,0.002588790526445721,4.1084907767182175,1,0,0.3366573862564907,-0.020341496280464534,1,0
T2-a,0.5,0.3,2026,0.0,1000000,0.338434,102698,0.102698,-0.06296360937239878,-0.06515955558924999,0.0021959462168512295,-0.061298148062817824,0.00297488214049128,-0.06712891705818073,-0.055467379067454914,0.0016654613095809581,2.6451172767599354,1,0,0.34065771799596395,-0.020881687236458238,1,0
T2-a,0.5,0.3,42,0.005,1000000,0.338525,102311,0.102311,-0.06305028835089903,-0.06524843603783635,0.0021981476869373058,-0.05093494302496402,0.0030056267435958585,-0.0568259714424119,-0.04504391460751614,0.012115345325935008,19.21536862529235,0,0,0.338400714616609,-0.017236421118604087,1,0
T2-a,0.5,0.3,123,0.005,1000000,0.337101,102496,0.102496,-0.0632556062848578,-0.06545860998161038,0.0022030036967525765,-0.04346565837816884,0.0029845497006025803,-0.0493153757913499,-0.037615940964987785,0.019789947906688955,31.285682122101953,0,0,0.3376334537842805,-0.014675460359228794,1,0
T2-a,0.5,0.3,456,0.005,1000000,0.33768,102387,0.102387,-0.06310761944910451,-0.06530633555192603,0.0021987161028215007,-0.045233617670200066,0.002971017755063617,-0.05105681247012475,-0.03941042287027538,0.01787400177890444,28.32304868244887,0,0,0.33920642413477253,-0.015343533700588025,1,0
T2-a,0.5,0.3,789,0.005,1000000,0.338303,102407,0.102407,-0.06301074207384728,-0.06520786585062725,0.0021971237767799273,-0.04557005699787666,0.0029960017156351643,-0.05144222036052158,-0.03969789363523174,0.017440685075970623,27.678907598851165,0,0,0.3366573862564907,-0.01534149628046446,1,0
T2-a,0.5,0.3,2026,0.005,1000000,0.338434,102698,0.102698,-0.06296360937239878,-0.06515955558924999,0.0021959462168512295,-0.04662065879466292,0.0029527720650324818,-0.05240809204212658,-0.04083322554719926,0.01634295057773586,25.956184438340163,0,0,0.34065771799596395,-0.015881687236458338,1,0
T2-a,0.5,0.3,42,0.01,1000000,0.338525,102311,0.102311,-0.06305028835089903,-0.06524843603783635,0.0021981476869373058,-0.03615956051531138,0.0029874708284662135,-0.042015003339105156,-0.0303041176915176,0.02689072783558765,42.64965084050122,0,0,0.338400714616609,-0.012236421118603888,1,0
T2-a,0.5,0.3,123,0.01,1000000,0.337101,102496,0.102496,-0.0632556062848578,-0.06545860998161038,0.0022030036967525765,-0.028656699301516358,0.0029693342617160617,-0.03447659445447984,-0.022836804148552877,0.034598906983341435,54.69698105102783,0,0,0.3376334537842805,-0.009675460359228547,1,0
T2-a,0.5,0.3,456,0.01,1000000,0.33768,102387,0.102387,-0.06310761944910451,-0.06530633555192603,0.0021987161028215007,-0.03049333079988574,0.002955214251845457,-0.036285550733502835,-0.024701110866268645,0.03261428864921877,51.680429295105604,0,0,0.33920642413477253,-0.010343533700587965,1,0
T2-a,0.5,0.3,789,0.01,1000000,0.338303,102407,0.102407,-0.06301074207384728,-0.06520786585062725,0.0021971237767799273,-0.03071816244835248,0.0029797503924748237,-0.03655847321760314,-0.024877851679101826,0.032292579625494804,51.249324420982965,0,0,0.3366573862564907,-0.01034149628046463,1,0
T2-a,0.5,0.3,2026,0.01,1000000,0.338434,102698,0.102698,-0.06296360937239878,-0.06515955558924999,0.0021959462168512295,-0.03194316952650757,0.002936571442539353,-0.0376988495538847,-0.026187489499130436,0.031020439845891215,49.26725159992111,0,0,0.34065771799596395,-0.010881687236458285,1,0
T2-a,0.5,0.3,42,0.02,1000000,0.338525,102311,0.102311,-0.06305028835089903,-0.06524843603783635,0.0021981476869373058,-0.006608795496008026,0.0029695316100005254,-0.012429077451609056,-0.0007885135404069963,0.056441492854891,89.5182152709159,0,0,0.338400714616609,-0.0022364211186041427,1,0
T2-a,0.5,0.3,123,0.02,1000000,0.337101,102496,0.102496,-0.0632556062848578,-0.06545860998161038,0.0022030036967525765,0.000961218851786306,0.0029575954521578246,-0.00483566823444303,0.006758105938015642,0.0642168251366441,101.51957890887596,0,1,0.3376334537842805,0.0003245396407711709,0,0
T2-a,0.5,0.3,456,0.02,1000000,0.33768,102387,0.102387,-0.06310761944910451,-0.06530633555192603,0.0021987161028215007,-0.0010127570592566991,0.00294199949524166,-0.0067790760699303525,0.004753561951416955,0.06209486238984781,98.39519052041969,0,0,0.33920642413477253,-0.0003435337005877129,0,0
T2-a,0.5,0.3,789,0.02,1000000,0.338303,102407,0.102407,-0.06301074207384728,-0.06520786585062725,0.0021971237767799273,-0.0010143733493028835,0.002966162877825453,-0.006828052589840771,0.0047993058912350044,0.0619963687245444,98.39015806524853,0,0,0.3366573862564907,-0.00034149628046455105,0,0
T2-a,0.5,0.3,2026,0.02,1000000,0.338434,102698,0.102698,-0.06296360937239878,-0.06515955558924999,0.0021959462168512295,-0.0025881909901965395,0.00292225586285294,-0.008315812481388301,0.0031394305009952226,0.06037541838220224,95.88938592308351,0,0,0.34065771799596395,-0.0008816872364580675,0,0
T2-a,0.5,0.3,42,0.05,1000000,0.338525,102311,0.102311,-0.06305028835089903,-0.06524843603783635,0.0021981476869373058,0.08204349956190606,0.003063262487498863,0.07603950508640828,0.08804749403740383,0.14509378791280508,230.12390856216632,0,1,0.338400714616609,0.027763578881396453,1,0
T2-a,0.5,0.3,123,0.05,1000000,0.337101,102496,0.102496,-0.0632556062848578,-0.06545860998161038,0.0022030036967525765,0.08981497331169812,0.0030710747448968816,0.08379566681170023,0.09583427981169601,0.1530705795965559,241.9873724824263,0,1,0.3376334537842805,0.030324539640771614,1,0
T2-a,0.5,0.3,456,0.05,1000000,0.33768,102387,0.102387,-0.06310761944910451,-0.06530633555192603,0.0021987161028215007,0.08742896416262788,0.003049034596080292,0.08145285635431052,0.09340507197094525,0.1505365836117324,238.53947419635793,0,1,0.33920642413477253,0.029656466299412182,1,0
T2-a,0.5,0.3,789,0.05,1000000,0.338303,102407,0.102407,-0.06301074207384728,-0.06520786585062725,0.0021971237767799273,0.08809699394784554,0.0030762399541720536,0.08206756363766832,0.09412642425802276,0.1511077360216928,239.81265899804464,0,1,0.3366573862564907,0.02965850371953556,1,0
T2-a,0.5,0.3,2026,0.05,1000000,0.338434,102698,0.102698,-0.06296360937239878,-0.06515955558924999,0.0021959462168512295,0.0854767446187336,0.003023831711852168,0.07955003446350335,0.09140345477396385,0.14844035399113237,235.75578889256602,0,1,0.34065771799596395,0.029118312763541578,1,0
T2-a,0.5,0.3,42,0.1,1000000,0.338525,102311,0.102311,-0.06305028835089903,-0.06524843603783635,0.0021981476869373058,0.22979732465842495,0.003644106498359718,0.2226548759216399,0.23693977339521,0.292847613009324,464.46673071424317,0,1,0.338400714616609,0.0777635788813959,1,0
T2-a,0.5,0.3,123,0.1,1000000,0.337101,102496,0.102496,-0.0632556062848578,-0.06545860998161038,0.0022030036967525765,0.23790456407821625,0.0036807468306173465,0.23069030029020626,0.24511882786622624,0.3011601703630741,476.10036177167456,0,1,0.3376334537842805,0.08032453964077182,1,0
T2-a,0.5,0.3,456,0.1,1000000,0.33768,102387,0.102387,-0.06310761944910451,-0.06530633555192603,0.0021987161028215007,0.2348318328657689,0.0036444710318013817,0.22768866964343817,0.2419749960880996,0.2979394523148734,472.11328032292164,0,1,0.33920642413477253,0.07965646629941202,1,0
T2-a,0.5,0.3,789,0.1,1000000,0.338303,102407,0.102407,-0.06301074207384728,-0.06520786585062725,0.0021971237767799273,0.23661593944309195,0.0036873844770458687,0.22938866586808204,0.24384321301810186,0.2996266815169392,475.5168272193699,0,1,0.3366573862564907,0.07965850371953542,1,0
T2-a,0.5,0.3,2026,0.1,1000000,0.338434,102698,0.102698,-0.06296360937239878,-0.06515955558924999,0.0021959462168512295,0.23225163730028517,0.003605853266748079,0.22518416489745893,0.2393191097031114,0.29521524667268395,468.86646050837226,0,1,0.34065771799596395,0.07911831276354145,1,0
T2-b,1.0,0.3,42,0.0,1000000,0.299842,101504,0.101504,-0.058779770103860575,-0.06088983967904454,0.0021100695751839677,-0.06070006123004082,0.003245611978414867,-0.06706146070773396,-0.05433866175234768,-0.0019202911261802444,3.2669252070690256,1,0,0.2988794163709294,-0.01814199887411428,1,0
T2-b,1.0,0.3,123,0.0,1000000,0.298566,101605,0.101605,-0.058801808647500786,-0.06091256196652379,0.002110753319023006,-0.0539393528080679,0.0031870431590916514,-0.06018595739988754,-0.04769274821624826,0.004862455839432886,8.269228364355,1,0,0.3016404549612664,-0.016270290921341864,1,0
T2-b,1.0,0.3,456,0.0,1000000,0.299135,101560,0.10156,-0.05872865075411397,-0.060837236013523935,0.002108585259409972,-0.055404066089542015,0.0031905006721435277,-0.06165744740694333,-0.0491506847721407,0.0033245846645719584,5.660924645606761,1,0,0.3015912502825153,-0.016709381562680085,1,0
T2-b,1.0,0.3,789,0.0,1000000,0.299617,101605,0.101605,-0.058728768283169926,-0.06083789885622507,0.002109130573055138,-0.055809366905612105,0.0032190106765554297,-0.06211862783166075,-0.04950010597956346,0.0029194013775578204,4.9709903049242765,1,0,0.29864713387813546,-0.016667307469914322,1,0
T2-b,1.0,0.3,2026,0.0,1000000,0.300005,101840,0.10184,-0.058694100066749605,-0.06080184334646854,0.0021077432797189386,-0.057522274222437664,0.003159371788493369,-0.06371464292788467,-0.05132990551699066,0.0011718258443119411,1.9964968250288997,1,0,0.30388415267256785,-0.01748010756188456,1,0
T2-b,1.0,0.3,42,0.005,1000000,0.299842,101504,0.101504,-0.058779770103860575,-0.06088983967904454,0.0021100695751839677,-0.04397090650700503,0.0032154390234471718,-0.05027316699296149,-0.03766864602104857,0.014808863596855543,25.19380999736662,0,0,0.2988794163709294,-0.013141998874114366,1,0
T2-b,1.0,0.3,123,0.005,1000000,0.298566,101605,0.101605,-0.058801808647500786,-0.06091256196652379,0.002110753319023006,-0.037363326887930315,0.0031610867364389493,-0.04355905689135066,-0.031167596884509974,0.02143848175957047,36.458881542382045,0,0,0.3016404549612664,-0.011270290921341818,1,0
T2-b,1.0,0.3,456,0.005,1000000,0.299135,101560,0.10156,-0.05872865075411397,-0.060837236013523935,0.002108585259409972,-0.03882533578713415,0.00316373849967422,-0.045026263246495626,-0.03262440832777268,0.01990331496697982,33.89029836614386,0,0,0.3015912502825153,-0.011709381562680275,1,0
T2-b,1.0,0.3,789,0.005,1000000,0.299617,101605,0.101605,-0.058728768283169926,-0.06083789885622507,0.002109130573055138,-0.039067200540003184,0.0031914534540506945,-0.045322449309942545,-0.032811951770063824,0.01966156774316674,33.478597147424274,0,0,0.29864713387813546,-0.011667307469914297,1,0
T2-b,1.0,0.3,2026,0.005,1000000,0.300005,101840,0.10184,-0.058694100066749605,-0.06080184334646854,0.0021077432797189386,-0.04106863570253955,0.0031318765730930865,-0.047207113785801995,-0.0349301576192771,0.01762546436421006,30.029362992473825,0,0,0.30388415267256785,-0.012480107561884599,1,0
T2-b,1.0,0.3,42,0.01,1000000,0.299842,101504,0.101504,-0.058779770103860575,-0.06088983967904454,0.0021100695751839677,-0.027241751783968964,0.0031947480335210213,-0.03350345792967017,-0.02098004563826776,0.031538018319891614,53.65454520180275,0,0,0.2988794163709294,-0.008141998874114369,1,0
T2-b,1.0,0.3,123,0.01,1000000,0.298566,101605,0.101605,-0.058801808647500786,-0.06091256196652379,0.002110753319023006,-0.02078730096779222,0.003144443418136293,-0.026950410067339354,-0.014624191868245085,0.03801450767970857,64.64853472040996,0,0,0.3016404549612664,-0.006270290921341619,1,0
T2-b,1.0,0.3,456,0.01,1000000,0.299135,101560,0.10156,-0.05872865075411397,-0.060837236013523935,0.002108585259409972,-0.02224660548472606,0.003146271828547341,-0.028413298268678847,-0.016079912700773275,0.03648204526938791,62.11967208668134,0,0,0.3015912502825153,-0.006709381562680396,1,0
T2-b,1.0,0.3,789,0.01,1000000,0.299617,101605,0.101605,-0.058728768283169926,-0.06083789885622507,0.002109130573055138,-0.022325034174395512,0.0031734943548745354,-0.0285450831099496,-0.016104985238841425,0.03640373410877441,61.98620398992215,0,0,0.29864713387813546,-0.006667307469914646,1,0
T2-b,1.0,0.3,2026,0.01,1000000,0.300005,101840,0.10184,-0.058694100066749605,-0.06080184334646854,0.0021077432797189386,-0.024614997182641245,0.0031134238309182137,-0.030717307891240945,-0.018512686474041546,0.034079102884108356,58.062229159919056,0,0,0.30388415267256785,-0.00748010756188458,1,0
T2-b,1.0,0.3,42,0.02,1000000,0.299842,101504,0.101504,-0.058779770103860575,-0.06088983967904454,0.0021100695751839677,0.006216557662103407,0.003182467033820395,-2.1077724184566902e-05,0.01245419304839138,0.06499632776596398,110.5760156106754,0,1,0.2988794163709294,0.0018580011258856957,0,0
T2-b,1.0,0.3,123,0.02,1000000,0.298566,101605,0.101605,-0.058801808647500786,-0.06091256196652379,0.002110753319023006,0.012364750872481641,0.003139605693487739,0.006211123713245672,0.01851837803171761,0.07116655951998242,121.02784107646181,0,1,0.3016404549612664,0.0037297090786580778,1,0
T2-b,1.0,0.3,456,0.02,1000000,0.299135,101560,0.10156,-0.05872865075411397,-0.060837236013523935,0.002108585259409972,0.010910855120092008,0.003139763012862852,0.004756919614880818,0.017064790625303198,0.06963950587420598,118.57841952775954,0,1,0.3015912502825153,0.0032906184373199324,1,0
T2-b,1.0,0.3,789,0.02,1000000,0.299617,101605,0.101605,-0.058728768283169926,-0.06083789885622507,0.002109130573055138,0.01115929855682287,0.0031669364589268154,0.004952103097326312,0.017366494016319428,0.0698880668399928,119.00141767492308,0,1,0.29864713387813546,0.003332692530085564,1,0
T2-b,1.0,0.3,2026,0.02,1000000,0.300005,101840,0.10184,-0.058694100066749605,-0.06080184334646854,0.0021077432797189386,0.008292279857155627,0.003104211823739753,0.0022080246826257114,0.014376535031685542,0.06698637992390523,114.12796149480997,0,1,0.30388415267256785,0.0025198924381155396,1,0
T2-b,1.0,0.3,42,0.05,1000000,0.299842,101504,0.101504,-0.058779770103860575,-0.06088983967904454,0.0021100695751839677,0.10659148600032049,0.0033747180526408167,0.09997703861714449,0.1132059333834965,0.16537125610418107,281.34042683729336,0,1,0.2988794163709294,0.03185800112588588,1,0
T2-b,1.0,0.3,123,0.05,1000000,0.298566,101605,0.101605,-0.058801808647500786,-0.06091256196652379,0.002110753319023006,0.1118209063933064,0.0033469146307269102,0.10526095371708166,0.11838085906953114,0.17062271504080717,290.16576014462277,0,1,0.3016404549612664,0.033729709078658125,1,0
T2-b,1.0,0.3,456,0.05,1000000,0.299135,101560,0.10156,-0.05872865075411397,-0.060837236013523935,0.002108585259409972,0.11038323693454234,0.003342377704037425,0.10383217663462899,0.1169342972344557,0.16911188768865631,287.9546618509875,0,1,0.3015912502825153,0.03329061843731975,1,0
T2-b,1.0,0.3,789,0.05,1000000,0.299617,101605,0.101605,-0.058728768283169926,-0.06083789885622507,0.002109130573055138,0.1116122967504762,0.0033765437146819465,0.10499427106969958,0.11823032243125281,0.17034106503364613,290.04705872992275,0,1,0.29864713387813546,0.033332692530085646,1,0
T2-b,1.0,0.3,2026,0.05,1000000,0.300005,101840,0.10184,-0.058694100066749605,-0.06080184334646854,0.0021077432797189386,0.10701411097654298,0.0032939295362957844,0.10055800908540324,0.11347021286768272,0.16570821104329259,282.3251584994772,0,1,0.30388415267256785,0.03251989243811491,1,0
T2-b,1.0,0.3,42,0.1,1000000,0.299842,101504,0.101504,-0.058779770103860575,-0.06088983967904454,0.0021100695751839677,0.27388303323068003,0.0042982595623670015,0.2654584444884407,0.28230762197291936,0.3326628033345406,565.9477788816527,0,1,0.2988794163709294,0.08185800112588551,1,0
T2-b,1.0,0.3,123,0.1,1000000,0.298566,101605,0.101605,-0.058801808647500786,-0.06091256196652379,0.002110753319023006,0.27758116559468304,0.004269591398733649,0.2692127664531651,0.285949564736201,0.33638297424218383,572.0622919248945,0,1,0.3016404549612664,0.08372970907865881,1,0
T2-b,1.0,0.3,456,0.1,1000000,0.299135,101560,0.10156,-0.05872865075411397,-0.060837236013523935,0.002108585259409972,0.2761705399586272,0.004259990591029643,0.26782095840020914,0.2845201215170453,0.3348991907127412,570.2483990563692,0,1,0.3015912502825153,0.08329061843731975,1,0
T2-b,1.0,0.3,789,0.1,1000000,0.299617,101605,0.101605,-0.058728768283169926,-0.06083789885622507,0.002109130573055138,0.2790339604065634,0.004321417698389672,0.27056398171771967,0.28750393909540717,0.33776272868973334,575.1231271549193,0,1,0.29864713387813546,0.0833326925300853,1,0
T2-b,1.0,0.3,2026,0.1,1000000,0.300005,101840,0.10184,-0.058694100066749605,-0.06080184334646854,0.0021077432797189386,0.27155049617552585,0.004182337211428566,0.26335311524112587,0.2797478771099258,0.3302445962422754,562.6538201739293,0,1,0.30388415267256785,0.08251989243811506,1,0
T2-c,0.5,3.972,42,0.0,1000000,0.338525,145942,0.145942,-0.01829427067905143,-0.06524843603783635,0.0469541653587849,-0.018818642779994108,0.00285076662612533,-0.024406145367199754,-0.013231140192788461,-0.0005243721009426765,2.8663186969411645,1,0,0.33720263370343656,-0.006345695908138174,1,0
T2-c,0.5,3.972,123,0.0,1000000,0.337101,145989,0.145989,-0.01841825957615533,-0.06545860998161038,0.047040350405455025,-0.013162962448797161,0.002826639248539825,-0.01870317537593522,-0.007622749521659104,0.00525529712735817,28.53308210598676,1,0,0.3379137874224933,-0.004447946494773106,1,0
T2-c,0.5,3.972,456,0.0,1000000,0.33768,145632,0.145632,-0.018347424226282497,-0.06530633555192603,0.04695891132564351,-0.014795997857287429,0.0028313264880924535,-0.020345397773948636,-0.00924659794062622,0.0035514263689950688,19.356539235124277,1,0,0.3375101852600627,-0.004993799977920571,1,0
T2-c,0.5,3.972,789,0.0,1000000,0.338303,145739,0.145739,-0.018271693602941504,-0.06520786585062725,0.04693617224768573,-0.017465576193315516,0.0028418620545944545,-0.02303562582032065,-0.011895526566310386,0.0008061174096259879,4.411837387072939,1,0,0.3363179597581233,-0.005873986951335924,1,0
T2-c,0.5,3.972,2026,0.0,1000000,0.338434,146114,0.146114,-0.01824457864241312,-0.06515955558924999,0.046914976946836884,-0.01761406804882464,0.002786550443787023,-0.0230757069186472,-0.012152429179002075,0.0006305105935884812,3.4558791734588765,1,0,0.3418878251542328,-0.006022035417331317,1,0
T2-c,0.5,3.972,42,0.005,1000000,0.338525,145942,0.145942,-0.01829427067905143,-0.06524843603783635,0.0469541653587849,-0.003990763338232159,0.002846967773602838,-0.009570820174493722,0.0015892934980294036,0.014303507340819272,78.1857205009985,0,0,0.33720263370343656,-0.0013456959081390024,0,0
T2-c,0.5,3.972,123,0.005,1000000,0.337101,145989,0.145989,-0.01841825957615533,-0.06545860998161038,0.047040350405455025,0.0016337110996191774,0.002824722189772954,-0.0039027443923358124,0.007170166591574167,0.020051970675774508,108.87006230346658,0,1,0.3379137874224933,0.0005520535052264824,0,0
T2-c,0.5,3.972,456,0.005,1000000,0.33768,145632,0.145632,-0.018347424226282497,-0.06530633555192603,0.04695891132564351,1.836988141254476e-05,0.002828859754878936,-0.00552619523815017,0.005562935000975259,0.01836579410769504,100.10012239966757,0,1,0.3375101852600627,6.200022078753364e-06,0,0
T2-c,0.5,3.972,789,0.005,1000000,0.338303,145739,0.145739,-0.018271693602941504,-0.06520786585062725,0.04693617224768573,-0.002598692475312061,0.002838484713770871,-0.008162122514302969,0.002964737563678846,0.015673001127629444,85.77749533358143,0,0,0.3363179597581233,-0.0008739869513357396,0,0
T2-c,0.5,3.972,2026,0.005,1000000,0.338434,146114,0.146114,-0.01824457864241312,-0.06515955558924999,0.046914976946836884,-0.002989388162244365,0.0027832133178725587,-0.00844448626527458,0.00246570994078585,0.015255190480168756,83.61492352969478,0,0,0.3418878251542328,-0.001022035417331535,0,0
T2-c,0.5,3.972,42,0.01,1000000,0.338525,145942,0.145942,-0.01829427067905143,-0.06524843603783635,0.0469541653587849,0.010837116103533493,0.0028481085496162915,0.005254823346285562,0.016419408860781425,0.029131386782584923,159.2377596989584,0,1,0.33720263370343656,0.0036543040918614184,1,0
T2-c,0.5,3.972,123,0.01,1000000,0.337101,145989,0.145989,-0.01841825957615533,-0.06545860998161038,0.047040350405455025,0.016430384648037734,0.002827725271110301,0.010888043116661545,0.021972726179413923,0.034848644224193065,189.20704250095844,0,1,0.3379137874224933,0.00555205350522682,1,0
T2-c,0.5,3.972,456,0.01,1000000,0.33768,145632,0.145632,-0.018347424226282497,-0.06530633555192603,0.04695891132564351,0.014832737620112724,0.002831338748181651,0.009283313673676689,0.02038216156654876,0.03318016184639522,180.84370556421197,0,1,0.3375101852600627,0.005006200022078147,1,0
T2-c,0.5,3.972,789,0.01,1000000,0.338303,145739,0.145739,-0.018271693602941504,-0.06520786585062725,0.04693617224768573,0.012268191242692262,0.0028401128445065364,0.00670157006745945,0.017834812417925075,0.030539884845633768,167.14315328009465,0,1,0.3363179597581233,0.004126013048664737,1,0
T2-c,0.5,3.972,2026,0.01,1000000,0.338434,146114,0.146114,-0.01824457864241312,-0.06515955558924999,0.046914976946836884,0.011635291724336598,0.002784614175198366,0.0061774479409478006,0.017093135507725395,0.029879870366749717,163.77396788593444,0,1,0.3418878251542328,0.003977964582668483,1,0
T2-c,0.5,3.972,42,0.02,1000000,0.338525,145942,0.145942,-0.01829427067905143,-0.06524843603783635,0.0469541653587849,0.04049287498706319,0.0028651598386145245,0.03487716170337873,0.04610858827074766,0.05878714566611462,321.34183809486944,0,1,0.33720263370343656,0.013654304091861719,1,0
T2-c,0.5,3.972,123,0.02,1000000,0.337101,145989,0.145989,-0.01841825957615533,-0.06545860998161038,0.047040350405455025,0.04602373174487316,0.002848404111471296,0.04044085968638942,0.0516066038033569,0.06444199132102849,349.88100289593297,0,1,0.3379137874224933,0.015552053505226926,1,0
T2-c,0.5,3.972,456,0.02,1000000,0.33768,145632,0.145632,-0.018347424226282497,-0.06530633555192603,0.04695891132564351,0.0444614730975174,0.002851056573633924,0.03887340221319491,0.05004954398183989,0.06280889732379989,342.33087189332434,0,1,0.3375101852600627,0.015006200022078392,1,0
T2-c,0.5,3.972,789,0.02,1000000,0.338303,145739,0.145739,-0.018271693602941504,-0.06520786585062725,0.04693617224768573,0.04200195867869596,0.002858325010688986,0.03639964165774555,0.04760427569964637,0.06027365228163746,329.874469173094,0,1,0.3363179597581233,0.014126013048664024,1,0
T2-c,0.5,3.972,2026,0.02,1000000,0.338434,146114,0.146114,-0.01824457864241312,-0.06515955558924999,0.046914976946836884,0.040884651497497024,0.002801577372363219,0.03539355984766512,0.04637574314732893,0.059129230139910144,324.0920565984056,0,1,0.3418878251542328,0.013977964582668007,1,0
T2-c,0.5,3.972,42,0.05,1000000,0.338525,145942,0.145942,-0.01829427067905143,-0.06524843603783635,0.0469541653587849,0.1294601516376485,0.0030293227777697593,0.12352267899321978,0.13539762428207724,0.14775442231669994,807.654073282582,0,1,0.33720263370343656,0.04365430409186134,1,0
T2-c,0.5,3.972,123,0.05,1000000,0.337101,145989,0.145989,-0.01841825957615533,-0.06545860998161038,0.047040350405455025,0.13480377303538052,0.0030220759979926333,0.12888050407931495,0.1407270419914461,0.15322203261153586,831.9028840808626,0,1,0.3379137874224933,0.045552053505227605,1,0
T2-c,0.5,3.972,456,0.05,1000000,0.33768,145632,0.145632,-0.018347424226282497,-0.06530633555192603,0.04695891132564351,0.13334767952973084,0.0030226656032934117,0.12742325494727574,0.13927210411218593,0.15169510375601333,826.7923708806583,0,1,0.3375101852600627,0.04500620002207893,1,0
T2-c,0.5,3.972,789,0.05,1000000,0.338303,145739,0.145739,-0.018271693602941504,-0.06520786585062725,0.04693617224768573,0.13120326098671303,0.0030271577012768746,0.12527003189221037,0.1371364900812157,0.14947495458965454,818.0684168521248,0,1,0.3363179597581233,0.0441260130486639,1,0
T2-c,0.5,3.972,2026,0.05,1000000,0.338434,146114,0.146114,-0.01824457864241312,-0.06515955558924999,0.046914976946836884,0.12863273081698337,0.00296081009476441,0.12282954303124513,0.1344359186027216,0.14687730945939648,805.0463227358467,0,1,0.3418878251542328,0.04397796458266831,1,0
T2-c,0.5,3.972,42,0.1,1000000,0.338525,145942,0.145942,-0.01829427067905143,-0.06524843603783635,0.0469541653587849,0.2777389460552953,0.0036112170446150815,0.2706609606478497,0.2848169314627409,0.29603321673434674,1618.174465262128,0,1,0.33720263370343656,0.09365430409186228,1,0
T2-c,0.5,3.972,123,0.1,1000000,0.337101,145989,0.145989,-0.01841825957615533,-0.06545860998161038,0.047040350405455025,0.28277050851955005,0.003613429448725707,0.27568818680004764,0.28985283023905245,0.3011887680957054,1635.272686055694,0,1,0.3379137874224933,0.09555205350522555,1,0
T2-c,0.5,3.972,456,0.1,1000000,0.33768,145632,0.145632,-0.018347424226282497,-0.06530633555192603,0.04695891132564351,0.2814913569167562,0.0036133061556736508,0.27440927685163585,0.28857343698187654,0.2998387811430387,1634.2282025262311,0,1,0.3375101852600627,0.09500620002208082,1,0
T2-c,0.5,3.972,789,0.1,1000000,0.338303,145739,0.145739,-0.018271693602941504,-0.06520786585062725,0.04693617224768573,0.2798720981667445,0.0036185887006893345,0.2727796643133934,0.28696453202009564,0.29814379176968603,1631.7249963171928,0,1,0.3363179597581233,0.09412601304866472,1,0
T2-c,0.5,3.972,2026,0.1,1000000,0.338434,146114,0.146114,-0.01824457864241312,-0.06515955558924999,0.046914976946836884,0.27487952968279145,0.0035223008035438486,0.2679758201078455,0.2817832392577374,0.2931241083252046,1606.6367662982352,0,1,0.3418878251542328,0.09397796458266795,1,0
T2-d,1.0,3.972,42,0.0,1000000,0.299842,146719,0.146719,-0.015385731628690981,-0.06088983967904454,0.04550410805035355,-0.016624119691205978,0.0032060793777575975,-0.02290803527161087,-0.010340204110801086,-0.0012383880625149966,8.0489384086596,1,0,0.29733954172163435,-0.004943008130508783,1,0
T2-d,1.0,3.972,123,0.0,1000000,0.298566,146625,0.146625,-0.015395586617180901,-0.06091256196652379,0.04551697534934288,-0.009957302832742692,0.0031449284299235815,-0.016121362555392912,-0.0037932431100924724,0.005438283784438209,35.32365423717786,1,0,0.30157177612351155,-0.0030028415006698866,1,0
T2-d,1.0,3.972,456,0.0,1000000,0.299135,146328,0.146328,-0.015361189794472003,-0.060837236013523935,0.045476046219051935,-0.011226830452049596,0.0031695968813089575,-0.01743924033941515,-0.0050144205646840394,0.004134359342422407,26.914317170342038,1,0,0.2988977910700005,-0.003355674822835039,1,0
T2-d,1.0,3.972,789,0.0,1000000,0.299617,146302,0.146302,-0.015347884729573706,-0.06083789885622507,0.04549001412665138,-0.013606030587477499,0.003159907258810097,-0.01979944881474529,-0.007412612360209709,0.0017418541420962073,11.349147930071716,1,0,0.30022091573761095,-0.00408481496252644,1,0
T2-d,1.0,3.972,2026,0.0,1000000,0.300005,146789,0.146789,-0.015340714024093727,-0.06080184334646854,0.04546112932237481,-0.015262991530222883,0.0031018735021351076,-0.021342663594407695,-0.009183319466038072,7.772249387084408e-05,0.5066419577913723,1,0,0.30411170011097055,-0.004641654303035425,1,0
T2-d,1.0,3.972,42,0.005,1000000,0.299842,146719,0.146719,-0.015385731628690981,-0.06088983967904454,0.04550410805035355,0.00019167268894237832,0.003202356467489727,-0.0060849459873374865,0.006468291365222243,0.015577404317633358,101.24578208932846,0,1,0.29733954172163435,5.6991869490680136e-05,0,0
T2-d,1.0,3.972,123,0.005,1000000,0.298566,146625,0.146625,-0.015395586617180901,-0.06091256196652379,0.04551697534934288,0.006622498050054259,0.0031441938706211654,0.00045987806363677417,0.012785118036471744,0.02201808466723516,143.015561632863,0,1,0.30157177612351155,0.0019971584993293545,1,0
T2-d,1.0,3.972,456,0.005,1000000,0.299135,146328,0.146328,-0.015361189794472003,-0.060837236013523935,0.045476046219051935,0.0055012958485850865,0.0031683078068415445,-0.0007085874528243406,0.011711179149994514,0.02086248564305709,135.81295408878307,0,1,0.2988977910700005,0.001644325177164646,0,0
T2-d,1.0,3.972,789,0.005,1000000,0.299617,146302,0.146302,-0.015347884729573706,-0.06083789885622507,0.04549001412665138,0.0030483720137383283,0.0031575556495973003,-0.00314043705947238,0.009237181086949037,0.018396256743312033,119.86183808029548,0,1,0.30022091573761095,0.0009151850374734261,0,0
T2-d,1.0,3.972,2026,0.005,1000000,0.300005,146789,0.146789,-0.015340714024093727,-0.06080184334646854,0.04546112932237481,0.0011783357787083454,0.0030988173028702573,-0.0048953461349173595,0.00725201769233405,0.016519049802802072,107.68110126332896,0,1,0.30411170011097055,0.0003583456969645793,0,0
T2-d,1.0,3.972,42,0.01,1000000,0.299842,146719,0.146719,-0.015385731628690981,-0.06088983967904454,0.04550410805035355,0.01700746506909377,0.0032062529725019255,0.010723209242989994,0.023291720895197543,0.032393196697784746,210.54050258733622,0,1,0.29733954172163435,0.005056991869491045,1,0
T2-d,1.0,3.972,123,0.01,1000000,0.298566,146625,0.146625,-0.015395586617180901,-0.06091256196652379,0.04551697534934288,0.023202298932855303,0.003150757312097686,0.017026814601143837,0.02937778326456677,0.0385978855500362,250.7074690285747,0,1,0.30157177612351155,0.006997158499329831,1,0
T2-d,1.0,3.972,456,0.01,1000000,0.299135,146328,0.146328,-0.015361189794472003,-0.060837236013523935,0.045476046219051935,0.022229422149218792,0.003174546362504435,0.0160073112787101,0.028451533019727485,0.037590611943690795,244.71159100721772,0,1,0.2988977910700005,0.00664432517716404,1,0
T2-d,1.0,3.972,789,0.01,1000000,0.299617,146302,0.146302,-0.015347884729573706,-0.06083789885622507,0.04549001412665138,0.019702774614956006,0.0031626210561642165,0.013504037344874141,0.02590151188503787,0.03505065934452971,228.3745282305313,0,1,0.30022091573761095,0.005915185037473847,1,0
T2-d,1.0,3.972,2026,0.01,1000000,0.300005,146789,0.146789,-0.015340714024093727,-0.06080184334646854,0.04546112932237481,0.01761966308763734,0.0031028955681313133,0.011537987774099964,0.023701338401174714,0.03296037711173107,214.85556056885198,0,1,0.30411170011097055,0.005358345696963904,1,0
T2-d,1.0,3.972,42,0.02,1000000,0.299842,146719,0.146719,-0.015385731628690981,-0.06088983967904454,0.04550410805035355,0.050639049829393656,0.0032367403529671443,0.044295038737578056,0.05698306092120926,0.06602478145808463,429.129943583333,0,1,0.29733954172163435,0.015056991869490916,1,0
T2-d,1.0,3.972,123,0.02,1000000,0.298566,146625,0.146625,-0.015395586617180901,-0.06091256196652379,0.04551697534934288,0.05636190069845528,0.003185547607246403,0.05011822738825233,0.06260557400865822,0.07175748731563618,466.0912838199844,0,1,0.30157177612351155,0.016997158499330145,1,0
T2-d,1.0,3.972,456,0.02,1000000,0.299135,146328,0.146328,-0.015361189794472003,-0.060837236013523935,0.045476046219051935,0.05568567475049099,0.00320937781275541,0.04939529423749039,0.0619760552634916,0.07104686454496299,462.50886484411814,0,1,0.2988977910700005,0.016644325177164257,1,0
T2-d,1.0,3.972,789,0.02,1000000,0.299617,146302,0.146302,-0.015347884729573706,-0.06083789885622507,0.04549001412665138,0.05301157981738794,0.003194810147688137,0.04674975192791919,0.059273407706856684,0.06835946454696165,445.3999085309808,0,1,0.30022091573761095,0.01591518503747366,1,0
T2-d,1.0,3.972,2026,0.02,1000000,0.300005,146789,0.146789,-0.015340714024093727,-0.06080184334646854,0.04546112932237481,0.05050231770549893,0.0031322952762427663,0.044363018964063104,0.05664161644693475,0.06584303172959266,429.2044791799215,0,1,0.30411170011097055,0.015358345696963649,1,0
T2-d,1.0,3.972,42,0.05,1000000,0.299842,146719,0.146719,-0.015385731628690981,-0.06088983967904454,0.04550410805035355,0.15153380411029416,0.0034982394327707942,0.1446772548220634,0.15839035339852492,0.16691953573898513,1084.8982665713288,0,1,0.29733954172163435,0.045056991869490776,1,0
T2-d,1.0,3.972,123,0.05,1000000,0.298566,146625,0.146625,-0.015395586617180901,-0.06091256196652379,0.04551697534934288,0.15584070599525368,0.0034513055443305502,0.1490761471283658,0.16260526486214155,0.1712362926124346,1112.2427281942037,0,1,0.30157177612351155,0.04699715849933063,1,0
T2-d,1.0,3.972,456,0.05,1000000,0.299135,146328,0.146328,-0.015361189794472003,-0.060837236013523935,0.045476046219051935,0.15605443255430726,0.0034803673189385638,0.14923291260918767,0.16287595249942685,0.17141562234877927,1115.9006863548177,0,1,0.2988977910700005,0.04664432517716481,1,0
T2-d,1.0,3.972,789,0.05,1000000,0.299617,146302,0.146302,-0.015347884729573706,-0.06083789885622507,0.04549001412665138,0.15293799542468456,0.0034562440495422915,0.14616375708758167,0.15971223376178745,0.16828588015425827,1096.4760494323343,0,1,0.30022091573761095,0.045915185037473355,1,0
T2-d,1.0,3.972,2026,0.05,1000000,0.300005,146789,0.146789,-0.015340714024093727,-0.06080184334646854,0.04546112932237481,0.1491502815590875,0.0033797986203738363,0.14252587626315477,0.15577468685502022,0.16449099558318123,1072.2512350131549,0,1,0.30411170011097055,0.045358345696964036,1,0
T2-d,1.0,3.972,42,0.1,1000000,0.299842,146719,0.146719,-0.015385731628690981,-0.06088983967904454,0.04550410805035355,0.319691727911801,0.0043679897347454625,0.3111304680316999,0.3282529877919021,0.335077459540492,2177.8454715513612,0,1,0.29733954172163435,0.09505699186949233,1,0
T2-d,1.0,3.972,123,0.1,1000000,0.298566,146625,0.146625,-0.015395586617180901,-0.06091256196652379,0.04551697534934288,0.32163871482324174,0.00430419246651813,0.3132024975888662,0.3300749320576173,0.3370343014404226,2189.161802151176,0,1,0.30157177612351155,0.09699715849932863,1,0
T2-d,1.0,3.972,456,0.1,1000000,0.299135,146328,0.146328,-0.015361189794472003,-0.060837236013523935,0.045476046219051935,0.32333569556066966,0.004353572894785924,0.31480269268688926,0.33186869843445005,0.33869688535514164,2204.887055539329,0,1,0.2988977910700005,0.09664432517716631,1,0
T2-d,1.0,3.972,789,0.1,1000000,0.299617,146302,0.146302,-0.015347884729573706,-0.06083789885622507,0.04549001412665138,0.3194820214368486,0.004311992443447157,0.3110305162476922,0.32793352662600506,0.33482990616642233,2181.60295093461,0,1,0.30022091573761095,0.09591518503747375,1,0
T2-d,1.0,3.972,2026,0.1,1000000,0.300005,146789,0.146789,-0.015340714024093727,-0.06080184334646854,0.04546112932237481,0.3135635546483986,0.004201039858104566,0.30532951652651363,0.3217975927702835,0.3289042686724923,2143.9958280685223,0,1,0.30411170011097055,0.09535834569696372,1,0
T2-null,0.5,4.99720863,42,0.0,1000000,0.338525,162349,0.162349,0.0018608439823500464,-0.06524843603783635,0.06710928002018639,0.0008919196730198734,0.0028676911663646928,-0.004728755013054925,0.006512594359094671,-0.000968924309330173,52.069078252682175,1,1,0.3379047961851341,0.00030138393532529173,0,0
T2-null,0.5,4.99720863,123,0.0,1000000,0.337101,162473,0.162473,0.0017677659156905058,-0.06545860998161038,0.06722637589730086,0.006571643031246853,0.0028397182757306256,0.0010057952108148268,0.012137490851678878,0.004803877115556347,271.74848620609976,1,1,0.33919926854178395,0.0022290965093166443,1,0
T2-null,0.5,4.99720863,456,0.0,1000000,0.33768,161974,0.161974,0.0018075608317975741,-0.06530633555192603,0.06711389638372359,0.006588436937976536,0.0028519542404711485,0.0009986066266530853,0.012178267249299986,0.004780876106178962,264.493234312037,1,1,0.3381800841853662,0.0022280781583348813,1,0
T2-null,0.5,4.99720863,789,0.0,1000000,0.338303,162077,0.162077,0.0018770419307815056,-0.06520786585062725,0.06708490778140873,0.0019289580199558422,0.0028653592012104693,-0.0036871460144166776,0.007545062054328362,5.191608917433669e-05,2.7658460007188785,1,1,0.3365052614967076,0.0006491045229214121,0,0
T2-null,0.5,4.99720863,2026,0.0,1000000,0.338434,162542,0.162542,0.0018964819177255397,-0.06515955558924999,0.06705603750697554,0.0027654552766316425,0.00282844429565724,-0.0027782955428565475,0.008309206096119832,0.0008689733589061029,45.82028179568762,1,1,0.33981957988432826,0.0009397558502938635,0,0
T2-null,0.5,4.99720863,42,0.005,1000000,0.338525,162349,0.162349,0.0018608439823500464,-0.06524843603783635,0.06710928002018639,0.01568898694299983,0.002870260678790622,0.01006327601257021,0.021314697873429447,0.013828142960649784,743.1113565569491,0,1,0.3379047961851341,0.005301383935325588,1,0
T2-null,0.5,4.99720863,123,0.005,1000000,0.337101,162473,0.162473,0.0017677659156905058,-0.06545860998161038,0.06722637589730086,0.021312240855927606,0.00284401125832661,0.01573797878960745,0.026886502922247764,0.0195444749402371,1105.603109934544,0,1,0.33919926854178395,0.007229096509316968,1,0
T2-null,0.5,4.99720863,456,0.005,1000000,0.33768,161974,0.161974,0.0018075608317975741,-0.06530633555192603,0.06711389638372359,0.0213734589833884,0.0028562944125688156,0.01577512193475352,0.02697179603202328,0.019565898151590825,1082.4475617859582,0,1,0.3381800841853662,0.007228078158334761,1,0
T2-null,0.5,4.99720863,789,0.005,1000000,0.338303,162077,0.162077,0.0018770419307815056,-0.06520786585062725,0.06708490778140873,0.01678756670191621,0.0028682980340192015,0.011165702555238573,0.022409430848593846,0.014910524771134704,794.3629029601227,0,1,0.3365052614967076,0.005649104522921736,1,0
T2-null,0.5,4.99720863,2026,0.005,1000000,0.338434,162542,0.162542,0.0018964819177255397,-0.06515955558924999,0.06705603750697554,0.017479145410975026,0.002831551747419094,0.011929303986033602,0.02302898683591645,0.015582663493249486,821.6615907383843,0,1,0.33981957988432826,0.005939755850294617,1,0
T2-null,0.5,4.99720863,42,0.01,1000000,0.338525,162349,0.162349,0.0018608439823500464,-0.06524843603783635,0.06710928002018639,0.03048605421297946,0.002877404247023555,0.02484634188881329,0.03612576653714562,0.028625210230629413,1538.2917913665628,0,1,0.3379047961851341,0.010301383935325772,1,0
T2-null,0.5,4.99720863,123,0.01,1000000,0.337101,162473,0.162473,0.0017677659156905058,-0.06545860998161038,0.06722637589730086,0.036052838680608566,0.0028528228283005133,0.03046130593713956,0.04164437142407757,0.03428507276491806,1939.4577336629998,0,1,0.33919926854178395,0.012229096509317361,1,0
T2-null,0.5,4.99720863,456,0.01,1000000,0.33768,161974,0.161974,0.0018075608317975741,-0.06530633555192603,0.06711389638372359,0.03615848102880133,0.002865203689926386,0.030542681796545613,0.04177428026105705,0.034350920197003754,1900.4018892599383,0,1,0.3381800841853662,0.012228078158335001,1,0
T2-null,0.5,4.99720863,789,0.01,1000000,0.338303,162077,0.162077,0.0018770419307815056,-0.06520786585062725,0.06708490778140873,0.03164617538387831,0.00287588906635747,0.02600943281381767,0.037282917953938954,0.029769133453096803,1585.9599599196188,0,1,0.3365052614967076,0.010649104522922642,1,0
T2-null,0.5,4.99720863,2026,0.01,1000000,0.338434,162542,0.162542,0.0018964819177255397,-0.06515955558924999,0.06705603750697554,0.03219283554531571,0.002839161754875359,0.02662807850576001,0.037757592584871415,0.030296353627590172,1597.502899680939,0,1,0.33981957988432826,0.010939755850294455,1,0
T2-null,0.5,4.99720863,42,0.02,1000000,0.338525,162349,0.162349,0.0018608439823500464,-0.06524843603783635,0.06710928002018639,0.06008018875293547,0.0029052569882852958,0.05438588505589629,0.06577449244997464,0.05821934477058542,3128.6526609856155,0,1,0.3379047961851341,0.020301383935325046,1,0
T2-null,0.5,4.99720863,123,0.02,1000000,0.337101,162473,0.162473,0.0017677659156905058,-0.06545860998161038,0.06722637589730086,0.06553403432996532,0.0028838148162950157,0.05988175729002709,0.07118631136990355,0.06376626841427482,3607.1669811196202,0,1,0.33919926854178395,0.0222290965093164,1,0
T2-null,0.5,4.99720863,456,0.02,1000000,0.33768,161974,0.161974,0.0018075608317975741,-0.06530633555192603,0.06711389638372359,0.0657285251196265,0.0028965392984829463,0.06005130809459992,0.07140574214465308,0.06392096428782892,3536.3105442078604,0,1,0.3381800841853662,0.022228078158335246,1,0
T2-null,0.5,4.99720863,789,0.02,1000000,0.338303,162077,0.162077,0.0018770419307815056,-0.06520786585062725,0.06708490778140873,0.06136339274779245,0.002904859496117436,0.05566986813540228,0.06705691736018263,0.059486350817010945,3169.1540738380754,0,1,0.3365052614967076,0.02064910452292107,1,0
T2-null,0.5,4.99720863,2026,0.02,1000000,0.338434,162542,0.162542,0.0018964819177255397,-0.06515955558924999,0.06705603750697554,0.061620215813997375,0.002867724853693699,0.05599947510075773,0.06724095652723702,0.059723733896271836,3149.185517566063,0,1,0.33981957988432826,0.020939755850294228,1,0
T2-null,0.5,4.99720863,42,0.05,1000000,0.338525,162349,0.162349,0.0018608439823500464,-0.06524843603783635,0.06710928002018639,0.14886259237281177,0.0030911598829314033,0.14280391900226622,0.15492126574335732,0.14700174839046173,7899.735269843218,0,1,0.3379047961851341,0.050301383935325655,1,0
T2-null,0.5,4.99720863,123,0.05,1000000,0.337101,162473,0.162473,0.0017677659156905058,-0.06545860998161038,0.06722637589730086,0.15397762127804732,0.003077158903087401,0.14794638982799602,0.16000885272809862,0.15220985536235682,8610.294723490142,0,1,0.33919926854178395,0.05222909650931748,1,0
T2-null,0.5,4.99720863,456,0.05,1000000,0.33768,161974,0.161974,0.0018075608317975741,-0.06530633555192603,0.06711389638372359,0.15443865739209994,0.0030919854856535545,0.14837836584021896,0.16049894894398092,0.15263109656030238,8444.036509051515,0,1,0.3381800841853662,0.05222807815833529,1,0
T2-null,0.5,4.99720863,789,0.05,1000000,0.338303,162077,0.162077,0.0018770419307815056,-0.06520786585062725,0.06708490778140873,0.15051504483954983,0.003095596582839803,0.14444767553718382,0.15658241414191584,0.14863800290876833,7918.7364155942405,0,1,0.3365052614967076,0.05064910452292139,1,0
T2-null,0.5,4.99720863,2026,0.05,1000000,0.338434,162542,0.162542,0.0018964819177255397,-0.06515955558924999,0.06705603750697554,0.1499023566200441,0.0030539235601988388,0.1439166664420544,0.15588804679803384,0.14800587470231857,7804.233371221528,0,1,0.33981957988432826,0.050939755850294144,1,0
T2-null,0.5,4.99720863,42,0.1,1000000,0.338525,162349,0.162349,0.0018608439823500464,-0.06524843603783635,0.06710928002018639,0.2968332650726024,0.003676737143072675,0.28962686027217993,0.30403966987302483,0.29497242109025235,15851.53961793905,0,1,0.3379047961851341,0.10030138393532559,1,0
T2-null,0.5,4.99720863,123,0.1,1000000,0.337101,162473,0.162473,0.0017677659156905058,-0.06545860998161038,0.06722637589730086,0.30138359952484334,0.0036679154796130744,0.29419448518480174,0.30857271386488494,0.29961583360915284,16948.840960773934,0,1,0.33919926854178395,0.1022290965093168,1,0
T2-null,0.5,4.99720863,456,0.1,1000000,0.33768,161974,0.161974,0.0018075608317975741,-0.06530633555192603,0.06711389638372359,0.30228887784622094,0.0036887760427803257,0.29505887680237153,0.30951887889007035,0.3004813170144234,16623.579783790858,0,1,0.3381800841853662,0.10222807815833489,1,0
T2-null,0.5,4.99720863,789,0.1,1000000,0.338303,162077,0.162077,0.0018770419307815056,-0.06520786585062725,0.06708490778140873,0.29910113165914837,0.0036919585668485242,0.2918648928681253,0.30633737045017145,0.29722408972836684,15834.706985188004,0,1,0.3365052614967076,0.1006491045229229,1,0
T2-null,0.5,4.99720863,2026,0.1,1000000,0.338434,162542,0.162542,0.0018964819177255397,-0.06515955558924999,0.06705603750697554,0.2970392579634565,0.0036344740782273243,0.2899156887701309,0.30416282715678206,0.29514277604573097,15562.646460647366,0,1,0.33981957988432826,0.10093975585029438,1,0
