series,condition,sigma,cell,rho,alpha_b,seed,N,pi_c,tau_LATE_true,kappa_LATE_true,NIE_LATE,NDE_LATE,tau_IV_IPSW,bias,SE_tau,CI_L,CI_U,CI_covers_true,FS_IPSW,RF_IPSW,W_mean_oracle,W_cv_oracle,W_mean_degraded,W_cv_degraded,n_C1,crash_rate
noise,sigma=0.0,0.0,T2-a,0.5,0.3,42,1000000,0.338096,-0.06304833503964907,0.03368842453712319,0.0021980478461691324,-0.0652463828858182,-0.064529461813516,-0.0014811267738669281,0.0030092554277951346,-0.07042760245199446,-0.05863132117503754,1,0.339794250673244,-0.02192674012327138,11.234917486313783,0.3978572472926573,11.234917486313783,0.3978572472926573,102296,0.102296
noise,sigma=0.1,0.1,T2-a,0.5,0.3,42,1000000,0.338096,-0.06304833503964907,0.03368842453712319,0.0021980478461691324,-0.0652463828858182,-0.06416433723235751,-0.0011160021927084374,0.0030219993501742685,-0.07008745595869907,-0.05824121850601594,1,0.33939282597121095,-0.021776915739859605,11.234917486313783,0.3978572472926573,11.289923932341491,0.41233340915354677,102296,0.102296
noise,sigma=0.2,0.2,T2-a,0.5,0.3,42,1000000,0.338096,-0.06304833503964907,0.03368842453712319,0.0021980478461691324,-0.0652463828858182,-0.06439400609568553,-0.0013456710560364599,0.003072841178264919,-0.07041677480508478,-0.058371237386286294,1,0.3400331184934211,-0.02189609470500032,11.234917486313783,0.3978572472926573,11.459960096760614,0.453546060570137,102296,0.102296
noise,sigma=0.4,0.4,T2-a,0.5,0.3,42,1000000,0.338096,-0.06304833503964907,0.03368842453712319,0.0021980478461691324,-0.0652463828858182,-0.06571003947826294,-0.0026617044386138683,0.0032635490600427274,-0.07210659563594668,-0.059313483320579195,1,0.33941038802720347,-0.022302669996600084,11.234917486313783,0.3978572472926573,12.171512090859183,0.5996142585493874,102296,0.102296
spatial,state_K10,0.0,T2-a,0.5,0.3,42,1000000,0.338096,-0.06304833503964907,0.03368842453712319,0.0021980478461691324,-0.0652463828858182,-0.06585070311810316,-0.00280236807845409,0.0029704221785810388,-0.071672730588122,-0.060028675648084326,1,0.3399821593321029,-0.022388064239629954,11.234917486313783,0.3978572472926573,11.134498817005781,0.37508461544747546,102296,0.102296
temporal,no_b_term,0.0,T2-a,0.5,0.3,42,1000000,0.338096,-0.06304833503964907,0.03368842453712319,0.0021980478461691324,-0.0652463828858182,-0.06915700691686336,-0.006108671877214283,0.002953181127266141,-0.07494524192630499,-0.06336877190742173,0,0.3361152459515995,-0.023244724389137994,11.234917486313783,0.3978572472926573,11.288710928399665,0.3233701104029515,102296,0.102296
noise,sigma=0.0,0.0,T2-a,0.5,0.3,123,1000000,0.338463,-0.06303204025106099,0.03369042051554125,0.0021976144985996387,-0.06522965474966062,-0.06457170381310226,-0.0015396635620412713,0.003024475542862022,-0.07049967587711183,-0.058643731749092695,1,0.3363035869369831,-0.02171569560697876,11.236646799859232,0.39726519207596067,11.236646799859232,0.39726519207596067,102608,0.102608
noise,sigma=0.1,0.1,T2-a,0.5,0.3,123,1000000,0.338463,-0.06303204025106099,0.03369042051554125,0.0021976144985996387,-0.06522965474966062,-0.06462582340864582,-0.0015937831575848355,0.0030444159535275954,-0.07059287867755991,-0.05865876813973174,1,0.3357131275800672,-0.02169573729895361,11.236646799859232,0.39726519207596067,11.294404337093715,0.4112621554379739,102608,0.102608
noise,sigma=0.2,0.2,T2-a,0.5,0.3,123,1000000,0.338463,-0.06303204025106099,0.03369042051554125,0.0021976144985996387,-0.06522965474966062,-0.064224175281807,-0.0011921350307460138,0.003086425685537578,-0.07027356962546065,-0.05817478093815335,1,0.3364472754652378,-0.021608048792565837,11.236646799859232,0.39726519207596067,11.460567250216283,0.45238298658161197,102608,0.102608
noise,sigma=0.4,0.4,T2-a,0.5,0.3,123,1000000,0.338463,-0.06303204025106099,0.03369042051554125,0.0021976144985996387,-0.06522965474966062,-0.06332710792077739,-0.0002950676697164034,0.0032481950316948015,-0.0696935701828992,-0.05696064565865558,1,0.3363132163191936,-0.021297743345029325,11.236646799859232,0.39726519207596067,12.17409043041715,0.5976069411466974,102608,0.102608
spatial,state_K10,0.0,T2-a,0.5,0.3,123,1000000,0.338463,-0.06303204025106099,0.03369042051554125,0.0021976144985996387,-0.06522965474966062,-0.06686871601638834,-0.0038366757653273548,0.0029940541256506044,-0.07273706210266354,-0.06100036993011316,1,0.33626525869553375,-0.022485626089889008,11.236646799859232,0.39726519207596067,11.136605542850264,0.3746819708958728,102608,0.102608
temporal,no_b_term,0.0,T2-a,0.5,0.3,123,1000000,0.338463,-0.06303204025106099,0.03369042051554125,0.0021976144985996387,-0.06522965474966062,-0.06952127282159895,-0.006489232570537962,0.002972718495899122,-0.07534780107356123,-0.06369474456963667,0,0.3327758331947163,-0.023134999487964776,11.236646799859232,0.39726519207596067,11.29290092011787,0.32308182537491287,102608,0.102608
noise,sigma=0.0,0.0,T2-a,0.5,0.3,456,1000000,0.338206,-0.06324333985683507,0.03364812530893856,0.00220211693089424,-0.06544545678772931,-0.0657899735551061,-0.002546633698271031,0.0030219106914479315,-0.07171291851034405,-0.05986702859986816,1,0.33690467702629867,-0.02216494979215175,11.240756674307555,0.3980086749425951,11.240756674307555,0.3980086749425951,102397,0.102397
noise,sigma=0.1,0.1,T2-a,0.5,0.3,456,1000000,0.338206,-0.06324333985683507,0.03364812530893856,0.00220211693089424,-0.06544545678772931,-0.06567410095349739,-0.0024307610966623205,0.003033575856478246,-0.07161990963219475,-0.05972829227480003,1,0.3370455966806763,-0.0221351665423385,11.240756674307555,0.3980086749425951,11.29895724156796,0.4123551990440238,102397,0.102397
noise,sigma=0.2,0.2,T2-a,0.5,0.3,456,1000000,0.338206,-0.06324333985683507,0.03364812530893856,0.00220211693089424,-0.06544545678772931,-0.06519616874710712,-0.0019528288902720542,0.0030854836040838446,-0.07124371661111147,-0.05914862088310279,1,0.33657055831888905,-0.02194311091546635,11.240756674307555,0.3980086749425951,11.464905830605154,0.4537538433113253,102397,0.102397
noise,sigma=0.4,0.4,T2-a,0.5,0.3,456,1000000,0.338206,-0.06324333985683507,0.03364812530893856,0.00220211693089424,-0.06544545678772931,-0.0650104145226422,-0.0017670746658071251,0.0032433361852004247,-0.07136735344563502,-0.05865347559964936,1,0.3382219633113111,-0.021987950035530217,11.240756674307555,0.3980086749425951,12.181081306908201,0.5997050560161434,102397,0.102397
spatial,state_K10,0.0,T2-a,0.5,0.3,456,1000000,0.338206,-0.06324333985683507,0.03364812530893856,0.00220211693089424,-0.06544545678772931,-0.06694616033670077,-0.0037028204798656983,0.0029918826765819562,-0.07281025038280141,-0.061082070290600136,1,0.33726549724796034,-0.022578630054799063,11.240756674307555,0.3980086749425951,11.140457769097173,0.3752504139946528,102397,0.102397
temporal,no_b_term,0.0,T2-a,0.5,0.3,456,1000000,0.338206,-0.06324333985683507,0.03364812530893856,0.00220211693089424,-0.06544545678772931,-0.0705154654232248,-0.007272125566389731,0.0029732889422642147,-0.07634311175006267,-0.06468781909638693,0,0.3333037578519805,-0.023503069612242224,11.240756674307555,0.3980086749425951,11.293094022248477,0.3235161665189187,102397,0.102397
noise,sigma=0.0,0.0,T2-a,0.5,0.3,789,1000000,0.337737,-0.06293785138691609,0.033686821966642,0.00219408804808913,-0.06513193943500521,-0.061742477436405346,0.0011953739505107391,0.0030208931936900347,-0.06766342809603781,-0.05582152677677288,1,0.3375660616958463,-0.020842164947552005,11.236585141342275,0.39750007020139116,11.236585141342275,0.39750007020139116,102469,0.102469
noise,sigma=0.1,0.1,T2-a,0.5,0.3,789,1000000,0.337737,-0.06293785138691609,0.033686821966642,0.00219408804808913,-0.06513193943500521,-0.061076734821560216,0.0018611165653558692,0.00302977280352029,-0.06701508951645999,-0.05513838012666045,1,0.33781816330721554,-0.020632830378221327,11.236585141342275,0.39750007020139116,11.291588119431308,0.4120658517945636,102469,0.102469
noise,sigma=0.2,0.2,T2-a,0.5,0.3,789,1000000,0.337737,-0.06293785138691609,0.033686821966642,0.00219408804808913,-0.06513193943500521,-0.0624864911792817,0.0004513602076343867,0.003083930461730717,-0.0685309948842739,-0.056441987474289496,1,0.3376037649755427,-0.02109567468223654,11.236585141342275,0.39750007020139116,11.46586118977547,0.4526676729459645,102469,0.102469
noise,sigma=0.4,0.4,T2-a,0.5,0.3,789,1000000,0.337737,-0.06293785138691609,0.033686821966642,0.00219408804808913,-0.06513193943500521,-0.06059225037817522,0.002345601008740865,0.0032667166633449,-0.06699501503833122,-0.054189485718019216,1,0.3369002347371689,-0.020413543375660544,11.236585141342275,0.39750007020139116,12.168364456100996,0.5986303758492366,102469,0.102469
spatial,state_K10,0.0,T2-a,0.5,0.3,789,1000000,0.337737,-0.06293785138691609,0.033686821966642,0.00219408804808913,-0.06513193943500521,-0.06283838496284934,9.946642406674644e-05,0.002987800989222166,-0.06869447490172478,-0.056982295023973895,1,0.33700685915197914,-0.02117696675051281,11.236585141342275,0.39750007020139116,11.136284661520786,0.3747593046365185,102469,0.102469
temporal,no_b_term,0.0,T2-a,0.5,0.3,789,1000000,0.337737,-0.06293785138691609,0.033686821966642,0.00219408804808913,-0.06513193943500521,-0.06613953657268064,-0.0032016851857645523,0.0029622912279726257,-0.07194562737950698,-0.06033344576585429,1,0.33421532256026326,-0.022104846549624788,11.236585141342275,0.39750007020139116,11.288445445659972,0.323299208200763,102469,0.102469
noise,sigma=0.0,0.0,T2-a,0.5,0.3,2026,1000000,0.338805,-0.06292867928646481,0.03369716560040566,0.002194465390602307,-0.06512314467706712,-0.06074707829281609,0.0021816009936487246,0.0029964025751112178,-0.06662002734003407,-0.0548741292455981,1,0.33797373372624423,-0.020530916863583534,11.234055969553468,0.3970079511231999,11.234055969553468,0.3970079511231999,102716,0.102716
noise,sigma=0.1,0.1,T2-a,0.5,0.3,2026,1000000,0.338805,-0.06292867928646481,0.03369716560040566,0.002194465390602307,-0.06512314467706712,-0.06038658400797881,0.0025420952784859993,0.003006870778408935,-0.06628005073366032,-0.0544931172822973,1,0.3384087987830945,-0.020435351356754533,11.234055969553468,0.3970079511231999,11.291617855274199,0.4114303811314578,102716,0.102716
noise,sigma=0.2,0.2,T2-a,0.5,0.3,2026,1000000,0.338805,-0.06292867928646481,0.03369716560040566,0.002194465390602307,-0.06512314467706712,-0.06113482397143829,0.0017938553150265227,0.003074094261533679,-0.0671600487240443,-0.05510959921883228,1,0.336955852650844,-0.020599736737955246,11.234055969553468,0.3970079511231999,11.46283667108638,0.45274580800587844,102716,0.102716
noise,sigma=0.4,0.4,T2-a,0.5,0.3,2026,1000000,0.338805,-0.06292867928646481,0.03369716560040566,0.002194465390602307,-0.06512314467706712,-0.05759026334435881,0.0053384159421060035,0.0032471794461106603,-0.0639547350587357,-0.051225791629981914,1,0.337096563908401,-0.01941347988796329,11.234055969553468,0.3970079511231999,12.166051240405913,0.5989203886752426,102716,0.102716
spatial,state_K10,0.0,T2-a,0.5,0.3,2026,1000000,0.338805,-0.06292867928646481,0.03369716560040566,0.002194465390602307,-0.06512314467706712,-0.06223797390685542,0.0006907053796093923,0.002969409623610769,-0.06805801676913252,-0.05641793104457831,1,0.33782326433593607,-0.02102543551086871,11.234055969553468,0.3970079511231999,11.13465241531425,0.37476429010061474,102716,0.102716
temporal,no_b_term,0.0,T2-a,0.5,0.3,2026,1000000,0.338805,-0.06292867928646481,0.03369716560040566,0.002194465390602307,-0.06512314467706712,-0.06547994357020961,-0.002551264283744803,0.002945845989218753,-0.07125380170907837,-0.05970608543134086,1,0.3345151163921433,-0.021904030944739646,11.234055969553468,0.3970079511231999,11.288685920698294,0.32326310024423105,102716,0.102716
noise,sigma=0.0,0.0,T2-b,1.0,0.3,42,1000000,0.299482,-0.058785036099637325,0.03465861469502464,0.002110556894198394,-0.06089559299383572,-0.059849331970383716,-0.0010642958707463915,0.003196417154636347,-0.06611430959347096,-0.05358435434729648,1,0.30316983450181073,-0.01814451206850516,11.064440939243926,0.3598259389285863,11.064440939243926,0.3598259389285863,101536,0.101536
noise,sigma=0.1,0.1,T2-b,1.0,0.3,42,1000000,0.299482,-0.058785036099637325,0.03465861469502464,0.002110556894198394,-0.06089559299383572,-0.05950656499029341,-0.0007215288906560827,0.0032087811704290966,-0.06579577608433444,-0.05321735389625238,1,0.3031250480474517,-0.018037930371821498,11.064440939243926,0.3598259389285863,11.11857069170678,0.375377644506039,101536,0.101536
noise,sigma=0.2,0.2,T2-b,1.0,0.3,42,1000000,0.299482,-0.058785036099637325,0.03465861469502464,0.002110556894198394,-0.06089559299383572,-0.05968087502532385,-0.0008958389256865235,0.0032598574517395144,-0.0660701956307333,-0.0532915544199144,1,0.30350722181889445,-0.018113576574656683,11.064440939243926,0.3598259389285863,11.286159991324485,0.41922018772715286,101536,0.101536
noise,sigma=0.4,0.4,T2-b,1.0,0.3,42,1000000,0.299482,-0.058785036099637325,0.03465861469502464,0.002110556894198394,-0.06089559299383572,-0.06138997786606553,-0.002604941766428205,0.003482061317218375,-0.06821481804781354,-0.05456513768431751,1,0.30197697966943365,-0.018538360097967853,11.064440939243926,0.3598259389285863,11.987415801615997,0.5710092874426527,101536,0.101536
spatial,state_K10,0.0,T2-b,1.0,0.3,42,1000000,0.299482,-0.058785036099637325,0.03465861469502464,0.002110556894198394,-0.06089559299383572,-0.06058979140737609,-0.0018047553077387632,0.0031464521482012947,-0.06675683761785063,-0.05442274519690155,1,0.3033390136808856,-0.018379247564644062,11.064440939243926,0.3598259389285863,10.96817121751809,0.33807910910561345,101536,0.101536
temporal,no_b_term,0.0,T2-b,1.0,0.3,42,1000000,0.299482,-0.058785036099637325,0.03465861469502464,0.002110556894198394,-0.06089559299383572,-0.0635493798317602,-0.00476434373212288,0.003127613978709646,-0.06967950323003111,-0.0574192564334893,1,0.2995935464141815,-0.0190389840762189,11.064440939243926,0.3598259389285863,11.13835058060382,0.28695994622939897,101536,0.101536
noise,sigma=0.0,0.0,T2-b,1.0,0.3,123,1000000,0.300265,-0.058582088488290565,0.034686081455763636,0.0021049971974070134,-0.06068708568569758,-0.059794601590474006,-0.0012125131021834407,0.003245999755760776,-0.06615676111176513,-0.053432442069182885,1,0.2965384774276577,-0.017731400114032562,11.065898083706706,0.3594091363555838,11.065898083706706,0.3594091363555838,101691,0.101691
noise,sigma=0.1,0.1,T2-b,1.0,0.3,123,1000000,0.300265,-0.058582088488290565,0.034686081455763636,0.0021049971974070134,-0.06068708568569758,-0.0598611911681023,-0.001279102679811732,0.003266508488763213,-0.0662635478060782,-0.0534588345301264,1,0.29615092305938423,-0.017727947019867754,11.065898083706706,0.3594091363555838,11.123067845192924,0.37461601446775483,101691,0.101691
noise,sigma=0.2,0.2,T2-b,1.0,0.3,123,1000000,0.300265,-0.058582088488290565,0.034686081455763636,0.0021049971974070134,-0.06068708568569758,-0.059430010812379405,-0.00084792232408884,0.0033116286782347783,-0.06592080302171957,-0.05293921860303924,1,0.2965721526482172,-0.017625286238534182,11.065898083706706,0.3594091363555838,11.286524439293498,0.41830325996876744,101691,0.101691
noise,sigma=0.4,0.4,T2-b,1.0,0.3,123,1000000,0.300265,-0.058582088488290565,0.034686081455763636,0.0021049971974070134,-0.06068708568569758,-0.05798628518144999,0.0005958033068405727,0.0034906963726910084,-0.06482805007192437,-0.05114452029097562,1,0.2962617852608336,-0.017179120368500195,11.065898083706706,0.3594091363555838,11.988599961721075,0.5686927481161466,101691,0.101691
spatial,state_K10,0.0,T2-b,1.0,0.3,123,1000000,0.300265,-0.058582088488290565,0.034686081455763636,0.0021049971974070134,-0.06068708568569758,-0.06179079732003002,-0.0032087088317394527,0.003212563236530816,-0.06808742126363042,-0.05549417337642962,1,0.29634331626201493,-0.01831128979229172,11.065898083706706,0.3594091363555838,10.969891955964352,0.33778276086699505,101691,0.101691
temporal,no_b_term,0.0,T2-b,1.0,0.3,123,1000000,0.300265,-0.058582088488290565,0.034686081455763636,0.0021049971974070134,-0.06068708568569758,-0.06394713644929848,-0.00536504796100791,0.0031831720582190188,-0.07018615368340775,-0.0577081192151892,1,0.2931923905984009,-0.01874881380749196,11.065898083706706,0.3594091363555838,11.141966624541784,0.28668769561606355,101691,0.101691
noise,sigma=0.0,0.0,T2-b,1.0,0.3,456,1000000,0.300074,-0.05881488678797318,0.03464433705267627,0.0021107275171272544,-0.060925614305100434,-0.06350101502554999,-0.00468612823757681,0.0032636562513685724,-0.06989778127823239,-0.057104248772867586,1,0.29602127029164993,-0.018797651132672455,11.070840280539201,0.3596520351346445,11.070840280539201,0.3596520351346445,101603,0.101603
noise,sigma=0.1,0.1,T2-b,1.0,0.3,456,1000000,0.300074,-0.05881488678797318,0.03464433705267627,0.0021107275171272544,-0.060925614305100434,-0.06350406050188405,-0.004689173713910873,0.0032797471894792153,-0.06993236499326332,-0.05707575601050479,1,0.29584891596865237,-0.01878760745909011,11.070840280539201,0.3596520351346445,11.128160515966389,0.37509758128051063,101603,0.101603
noise,sigma=0.2,0.2,T2-b,1.0,0.3,456,1000000,0.300074,-0.05881488678797318,0.03464433705267627,0.0021107275171272544,-0.060925614305100434,-0.06269286830517773,-0.0038779815172045526,0.0033250215618080476,-0.0692099105663215,-0.056175826044033955,1,0.29644791732191134,-0.018585170240006804,11.070840280539201,0.3596520351346445,11.292057933539443,0.41927029602992133,101603,0.101603
noise,sigma=0.4,0.4,T2-b,1.0,0.3,456,1000000,0.300074,-0.05881488678797318,0.03464433705267627,0.0021107275171272544,-0.060925614305100434,-0.06311666628560422,-0.004301779497631046,0.0035095449319346305,-0.0699953743521961,-0.05623795821901235,1,0.29752423381819854,-0.01877873777778332,11.070840280539201,0.3596520351346445,11.996574521664172,0.5701218011168007,101603,0.101603
spatial,state_K10,0.0,T2-b,1.0,0.3,456,1000000,0.300074,-0.05881488678797318,0.03464433705267627,0.0021107275171272544,-0.060925614305100434,-0.06421992162185064,-0.005405034833877463,0.0032260467155894373,-0.07054297318440594,-0.05789687005929534,1,0.2962638351048667,-0.01902604026982342,11.070840280539201,0.3596520351346445,10.97482460474141,0.33807521155373177,101603,0.101603
temporal,no_b_term,0.0,T2-b,1.0,0.3,456,1000000,0.300074,-0.05881488678797318,0.03464433705267627,0.0021107275171272544,-0.060925614305100434,-0.06723872320602352,-0.008423836418050341,0.00319970195845443,-0.0735101390445942,-0.06096730736745284,0,0.29284251408902484,-0.019690356747787983,11.070840280539201,0.3596520351346445,11.143664763288424,0.2869141146374003,101603,0.101603
noise,sigma=0.0,0.0,T2-b,1.0,0.3,789,1000000,0.299007,-0.0585446670507605,0.034691780813923496,0.0021040106328542568,-0.06064867768361476,-0.05714809515371952,0.0013965718970409824,0.0032390564475205507,-0.0634966457908598,-0.05079954451657924,1,0.29677163180696897,-0.016959933453429277,11.073278068739695,0.3598779595770917,11.073278068739695,0.3598779595770917,101546,0.101546
noise,sigma=0.1,0.1,T2-b,1.0,0.3,789,1000000,0.299007,-0.0585446670507605,0.034691780813923496,0.0021040106328542568,-0.06064867768361476,-0.05636771590128596,0.0021769511494745403,0.0032462526792846912,-0.06273037115268396,-0.05000506064988797,1,0.29726615180858257,-0.016756213992214726,11.073278068739695,0.3598779595770917,11.12743739994408,0.3755342169356208,101546,0.101546
noise,sigma=0.2,0.2,T2-b,1.0,0.3,789,1000000,0.299007,-0.0585446670507605,0.034691780813923496,0.0021040106328542568,-0.06064867768361476,-0.05786532701410752,0.0006793400366529798,0.0033078336464396146,-0.06434868096112917,-0.051381973067085876,1,0.2967200134984276,-0.01716980061271691,11.073278068739695,0.3598779595770917,11.299694641740174,0.41880946693596033,101546,0.101546
noise,sigma=0.4,0.4,T2-b,1.0,0.3,789,1000000,0.299007,-0.0585446670507605,0.034691780813923496,0.0021040106328542568,-0.06064867768361476,-0.055506666028381856,0.003038001022378646,0.003468508118671666,-0.06230494194097832,-0.04870839011578539,1,0.2995158054389005,-0.016625123782718847,11.073278068739695,0.3598779595770917,11.993350863816433,0.5710464456539922,101546,0.101546
spatial,state_K10,0.0,T2-b,1.0,0.3,789,1000000,0.299007,-0.0585446670507605,0.034691780813923496,0.0021040106328542568,-0.06064867768361476,-0.05803791443118803,0.0005067526195724689,0.003199817980513484,-0.06430955767299446,-0.0517662711893816,1,0.296333479331718,-0.017198577116550477,11.073278068739695,0.3598779595770917,10.977145874162558,0.33827054341078266,101546,0.101546
temporal,no_b_term,0.0,T2-b,1.0,0.3,789,1000000,0.299007,-0.0585446670507605,0.034691780813923496,0.0021040106328542568,-0.06064867768361476,-0.06105041714457892,-0.0025057500938184193,0.0031740326300269276,-0.0672715210994317,-0.05482931318972614,1,0.2931436940190587,-0.01789654480316634,11.073278068739695,0.3598779595770917,11.145654336286556,0.2871784816137895,101546,0.101546
noise,sigma=0.0,0.0,T2-b,1.0,0.3,2026,1000000,0.299895,-0.05859847109949945,0.0346791781914513,0.0021051517537960915,-0.060703622853295544,-0.056434777478514456,0.002163693620984994,0.0031847206719092594,-0.06267682999545661,-0.05019272496157231,1,0.3012776139894831,-0.017002535104754253,11.064569033492104,0.35895137408043176,11.064569033492104,0.35895137408043176,101818,0.101818
noise,sigma=0.1,0.1,T2-b,1.0,0.3,2026,1000000,0.299895,-0.05859847109949945,0.0346791781914513,0.0021051517537960915,-0.060703622853295544,-0.05602077558901378,0.0025776955104856725,0.0031995896487811756,-0.06229197130062488,-0.04974957987740267,1,0.3013356354048218,-0.016881056007986395,11.064569033492104,0.35895137408043176,11.12143526532683,0.37449667132149717,101818,0.101818
noise,sigma=0.2,0.2,T2-b,1.0,0.3,2026,1000000,0.299895,-0.05859847109949945,0.0346791781914513,0.0021051517537960915,-0.060703622853295544,-0.05697176953672468,0.0016267015627747725,0.003264924762179092,-0.0633710220705957,-0.05057251700285366,1,0.30066602943690296,-0.017129475736601313,11.064569033492104,0.35895137408043176,11.289895939714519,0.4183637063237776,101818,0.101818
noise,sigma=0.4,0.4,T2-b,1.0,0.3,2026,1000000,0.299895,-0.05859847109949945,0.0346791781914513,0.0021051517537960915,-0.060703622853295544,-0.05255012051680787,0.0060483505826915765,0.0034387116415014944,-0.0592899953341508,-0.045810245699464944,1,0.30098942315048877,-0.015817030460842665,11.064569033492104,0.35895137408043176,11.983925201827851,0.5702316609395333,101818,0.101818
spatial,state_K10,0.0,T2-b,1.0,0.3,2026,1000000,0.299895,-0.05859847109949945,0.0346791781914513,0.0021051517537960915,-0.060703622853295544,-0.0575815768156167,0.001016894283882748,0.0031536964821586968,-0.06376282192064775,-0.05140033171058565,1,0.3008301481185789,-0.0173222742823433,11.064569033492104,0.35895137408043176,10.969309748697198,0.33775712012695064,101818,0.101818
temporal,no_b_term,0.0,T2-b,1.0,0.3,2026,1000000,0.299895,-0.05859847109949945,0.0346791781914513,0.0021051517537960915,-0.060703622853295544,-0.060660910277768855,-0.0020624391782694054,0.0031312005926545203,-0.06679806343937171,-0.05452375711616599,1,0.29720388005753856,-0.018028657902375123,11.064569033492104,0.35895137408043176,11.139281379552756,0.2867381532225058,101818,0.101818
noise,sigma=0.0,0.0,T2-c,0.5,3.972,42,1000000,0.338096,-0.018293776514727217,0.7196200661921519,0.046952606371090985,-0.0652463828858182,-0.017397171212680612,0.0008966053020466047,0.002849067086178879,-0.022981342701591214,-0.01181299972377001,1,0.3381143448845291,-0.005882233147419494,7.996490490729096,0.42163051564651205,7.996490490729096,0.42163051564651205,145874,0.145874
noise,sigma=0.1,0.1,T2-c,0.5,3.972,42,1000000,0.338096,-0.018293776514727217,0.7196200661921519,0.046952606371090985,-0.0652463828858182,-0.017234482665107118,0.0010592938496200993,0.0028621271606041596,-0.02284425189989127,-0.011624713430322965,1,0.33779406781568905,-0.005821706006145511,7.996490490729096,0.42163051564651205,8.035769179661607,0.43562099312176866,145874,0.145874
noise,sigma=0.2,0.2,T2-c,0.5,3.972,42,1000000,0.338096,-0.018293776514727217,0.7196200661921519,0.046952606371090985,-0.0652463828858182,-0.017336502202980844,0.0009572743117463728,0.0029104173400366436,-0.023040920189452665,-0.011632084216509023,1,0.3381994284070889,-0.005863195135626359,7.996490490729096,0.42163051564651205,8.15659289535969,0.4755703934500476,145874,0.145874
noise,sigma=0.4,0.4,T2-c,0.5,3.972,42,1000000,0.338096,-0.018293776514727217,0.7196200661921519,0.046952606371090985,-0.0652463828858182,-0.019528679831714416,-0.0012349033169871994,0.003085666711865912,-0.0255765865869716,-0.01348077307645723,1,0.3379120181222274,-0.006598975613197458,7.996490490729096,0.42163051564651205,8.664907606794237,0.6192091347340828,145874,0.145874
spatial,state_K10,0.0,T2-c,0.5,3.972,42,1000000,0.338096,-0.018293776514727217,0.7196200661921519,0.046952606371090985,-0.0652463828858182,-0.018369566200849778,-7.578968612256126e-05,0.0028059489658674684,-0.023869226173950014,-0.01286990622774954,1,0.3381471021727796,-0.006211615578988389,7.996490490729096,0.42163051564651205,7.926555074535702,0.3952011486701177,145874,0.145874
temporal,no_b_term,0.0,T2-c,0.5,3.972,42,1000000,0.338096,-0.018293776514727217,0.7196200661921519,0.046952606371090985,-0.0652463828858182,-0.03599396946944062,-0.017700192954713402,0.0031454785120780177,-0.04215910735311353,-0.029828831585767705,0,0.2839230745513076,-0.010219518477069478,7.996490490729096,0.42163051564651205,11.288710928399665,0.3233701104029515,145874,0.145874
noise,sigma=0.0,0.0,T2-c,0.5,3.972,123,1000000,0.338463,-0.01828434541709522,0.719692745772346,0.0469453093325654,-0.06522965474966062,-0.021212513618029883,-0.002928168200934663,0.0028471869235169632,-0.02679299998812313,-0.015632027247936636,1,0.33621330925386816,-0.0071319294011105705,7.991360783986129,0.42110723102034303,7.991360783986129,0.42110723102034303,145927,0.145927
noise,sigma=0.1,0.1,T2-c,0.5,3.972,123,1000000,0.338463,-0.01828434541709522,0.719692745772346,0.0469453093325654,-0.06522965474966062,-0.02121457820335827,-0.002930232786263049,0.0028655050283485275,-0.026830968058921382,-0.015598188347795156,1,0.3357036694759466,-0.007121811749251805,7.991360783986129,0.42110723102034303,8.032833452253337,0.4347663406359913,145927,0.145927
noise,sigma=0.2,0.2,T2-c,0.5,3.972,123,1000000,0.338463,-0.01828434541709522,0.719692745772346,0.0469453093325654,-0.06522965474966062,-0.02115306472251965,-0.002868719305424431,0.0029031447198448455,-0.02684322837341555,-0.015462901071623753,1,0.3363819793767005,-0.007115509781244617,7.991360783986129,0.42110723102034303,8.150734900741165,0.4746199475690993,145927,0.145927
noise,sigma=0.4,0.4,T2-c,0.5,3.972,123,1000000,0.338463,-0.01828434541709522,0.719692745772346,0.0469453093325654,-0.06522965474966062,-0.020014247777088646,-0.0017299023599934259,0.0030666995221670305,-0.026024978840536027,-0.014003516713641266,1,0.3361667447348599,-0.006728124523540796,7.991360783986129,0.42110723102034303,8.660061082505202,0.6166656877797845,145927,0.145927
spatial,state_K10,0.0,T2-c,0.5,3.972,123,1000000,0.338463,-0.01828434541709522,0.719692745772346,0.0469453093325654,-0.06522965474966062,-0.023098525690725513,-0.004814180273630293,0.002814760970844027,-0.028615457193579805,-0.01758159418787122,1,0.33620537833083386,-0.007765848568734857,7.991360783986129,0.42110723102034303,7.921805375404961,0.39495171263494827,145927,0.145927
temporal,no_b_term,0.0,T2-c,0.5,3.972,123,1000000,0.338463,-0.01828434541709522,0.719692745772346,0.0469453093325654,-0.06522965474966062,-0.04140293292165995,-0.023118587504564733,0.003171089202051896,-0.047618267757681666,-0.03518759808563824,0,0.282102771642616,-0.011679882131333585,7.991360783986129,0.42110723102034303,11.29290092011787,0.32308182537491287,145927,0.145927
noise,sigma=0.0,0.0,T2-c,0.5,3.972,456,1000000,0.338206,-0.018423847190909046,0.7184854672087273,0.047021609596820266,-0.06544545678772931,-0.0226611070960759,-0.004237259905166855,0.0028455318461624375,-0.028238349514554277,-0.017083864677597524,1,0.33582712501506395,-0.007610214445733635,7.998923044355722,0.4217494171599284,7.998923044355722,0.4217494171599284,145791,0.145791
noise,sigma=0.1,0.1,T2-c,0.5,3.972,456,1000000,0.338206,-0.018423847190909046,0.7184854672087273,0.047021609596820266,-0.06544545678772931,-0.02264003235636737,-0.004216185165458325,0.002857019997163539,-0.028239791550807906,-0.017040273161926835,1,0.33586425542428394,-0.007603977610153023,7.998923044355722,0.4217494171599284,8.040509336479841,0.4356358615117221,145791,0.145791
noise,sigma=0.2,0.2,T2-c,0.5,3.972,456,1000000,0.338206,-0.018423847190909046,0.7184854672087273,0.047021609596820266,-0.06544545678772931,-0.02187339466284246,-0.003449547471933413,0.002910634271144921,-0.027578237834286503,-0.016168551491398415,1,0.33517098041207133,-0.007331327134085075,7.998923044355722,0.4217494171599284,8.159049972456547,0.47595873019017476,145791,0.145791
noise,sigma=0.4,0.4,T2-c,0.5,3.972,456,1000000,0.338206,-0.018423847190909046,0.7184854672087273,0.047021609596820266,-0.06544545678772931,-0.022900360078124404,-0.004476512887215359,0.003072305728434739,-0.028922079305856493,-0.016878640850392316,1,0.33696688664190216,-0.007716663038504087,7.998923044355722,0.4217494171599284,8.665917494933863,0.6174377606593224,145791,0.145791
spatial,state_K10,0.0,T2-c,0.5,3.972,456,1000000,0.338206,-0.018423847190909046,0.7184854672087273,0.047021609596820266,-0.06544545678772931,-0.023614827649405458,-0.005190980458496412,0.002816663086583231,-0.02913548729910859,-0.018094167999702326,1,0.3361840667495396,-0.007938928794766598,7.998923044355722,0.4217494171599284,7.929111155645116,0.3955143595086502,145791,0.145791
temporal,no_b_term,0.0,T2-c,0.5,3.972,456,1000000,0.338206,-0.018423847190909046,0.7184854672087273,0.047021609596820266,-0.06544545678772931,-0.0427965197148429,-0.024372672523933853,0.0031737873282617966,-0.04901714287823602,-0.03657589655144978,0,0.28183432326683977,-0.012061528172008715,7.998923044355722,0.4217494171599284,11.293094022248477,0.3235161665189187,145791,0.145791
noise,sigma=0.0,0.0,T2-c,0.5,3.972,789,1000000,0.337737,-0.018256927644448133,0.7196931673949827,0.04687501179055708,-0.06513193943500521,-0.01845918881246307,-0.0002022611680149375,0.002842294684732707,-0.024030086394539178,-0.012888291230386964,1,0.33639315344903215,-0.006209544734735548,8.002828563318694,0.4215522058459825,8.002828563318694,0.4215522058459825,145777,0.145777
noise,sigma=0.1,0.1,T2-c,0.5,3.972,789,1000000,0.337737,-0.018256927644448133,0.7196931673949827,0.04687501179055708,-0.06513193943500521,-0.017851615318844813,0.00040531232560332003,0.002852436755025813,-0.023442391358695407,-0.01226083927899422,1,0.3367015171048088,-0.006010665960626493,8.002828563318694,0.4215522058459825,8.042303360327352,0.4356936887143862,145777,0.145777
noise,sigma=0.2,0.2,T2-c,0.5,3.972,789,1000000,0.337737,-0.018256927644448133,0.7196931673949827,0.04687501179055708,-0.06513193943500521,-0.019330970807552618,-0.001074043163104485,0.0029024665729891997,-0.02501980529061145,-0.013642136324493787,1,0.3365101635595384,-0.006505068148214194,8.002828563318694,0.4215522058459825,8.166963507183418,0.47510153148108974,145777,0.145777
noise,sigma=0.4,0.4,T2-c,0.5,3.972,789,1000000,0.337737,-0.018256927644448133,0.7196931673949827,0.04687501179055708,-0.06513193943500521,-0.01796800340594007,0.0002889242385080634,0.0030845548760149114,-0.024013730962929296,-0.011922275848950843,1,0.3352666445565212,-0.006024072211289672,8.002828563318694,0.4215522058459825,8.667204278445919,0.6176521863705372,145777,0.145777
spatial,state_K10,0.0,T2-c,0.5,3.972,789,1000000,0.337737,-0.018256927644448133,0.7196931673949827,0.04687501179055708,-0.06513193943500521,-0.019404426682202883,-0.0011474990377547505,0.002808642384655212,-0.024909365756127098,-0.013899487608278669,1,0.3360234203720823,-0.00652034182411311,8.002828563318694,0.4215522058459825,7.93295560574897,0.3952378625596588,145777,0.145777
temporal,no_b_term,0.0,T2-c,0.5,3.972,789,1000000,0.337737,-0.018256927644448133,0.7196931673949827,0.04687501179055708,-0.06513193943500521,-0.03760429416453563,-0.0193473665200875,0.003152228603041439,-0.04378266222649685,-0.031425926102574414,0,0.283561659598636,-0.010663136061331027,8.002828563318694,0.4215522058459825,11.288445445659972,0.323299208200763,145777,0.145777
noise,sigma=0.0,0.0,T2-c,0.5,3.972,2026,1000000,0.338805,-0.01823784501311028,0.7199483362858448,0.04688529966395684,-0.06512314467706712,-0.016979540088480426,0.0012583049246298536,0.002816248553363418,-0.022499387253072725,-0.011459692923888126,1,0.33863056145396525,-0.005749791193392237,7.996183706956571,0.42063180688912777,7.996183706956571,0.42063180688912777,145928,0.145928
noise,sigma=0.1,0.1,T2-c,0.5,3.972,2026,1000000,0.338805,-0.01823784501311028,0.7199483362858448,0.04688529966395684,-0.06512314467706712,-0.016648575483269992,0.001589269529840287,0.0028294632181549433,-0.02219432339085368,-0.011102827575686303,1,0.33911231952957005,-0.00564573704899482,7.996183706956571,0.42063180688912777,8.037505267771616,0.4347468018677106,145928,0.145928
noise,sigma=0.2,0.2,T2-c,0.5,3.972,2026,1000000,0.338805,-0.01823784501311028,0.7199483362858448,0.04688529966395684,-0.06512314467706712,-0.01743227918045289,0.0008055658326573886,0.0028852778089109993,-0.02308742368591845,-0.011777134674987332,1,0.3375696983819016,-0.005884609225054585,7.996183706956571,0.42063180688912777,8.159969187213255,0.4747148640687068,145928,0.145928
noise,sigma=0.4,0.4,T2-c,0.5,3.972,2026,1000000,0.338805,-0.01823784501311028,0.7199483362858448,0.04688529966395684,-0.06512314467706712,-0.014084619489944532,0.004153225523165747,0.003056697702817554,-0.02007574698746694,-0.008093491992422127,1,0.33830568728453636,-0.004764906876686861,7.996183706956571,0.42063180688912777,8.660513584482134,0.6179763217930153,145928,0.145928
spatial,state_K10,0.0,T2-c,0.5,3.972,2026,1000000,0.338805,-0.01823784501311028,0.7199483362858448,0.04688529966395684,-0.06512314467706712,-0.018349904373860193,-0.00011205936074991374,0.002786723164278611,-0.02381188177584627,-0.012887926971874115,1,0.33851187882495537,-0.0062116606058536805,7.996183706956571,0.42063180688912777,7.92705987604029,0.3948005178459284,145928,0.145928
temporal,no_b_term,0.0,T2-c,0.5,3.972,2026,1000000,0.338805,-0.01823784501311028,0.7199483362858448,0.04688529966395684,-0.06512314467706712,-0.03634558894652911,-0.01810774393341883,0.0031283160310623453,-0.042477088367411306,-0.030214089525646914,0,0.2846715312395389,-0.010346554459211302,7.996183706956571,0.42063180688912777,11.288685920698294,0.32326310024423105,145928,0.145928
noise,sigma=0.0,0.0,T2-d,1.0,3.972,42,1000000,0.299482,-0.01538104178290807,0.7474194596567103,0.04551455121092765,-0.06089559299383572,-0.014989012934231941,0.0003920288486761285,0.0031594916045573134,-0.021181616479164275,-0.008796409389299608,1,0.3019755851528598,-0.004526315951678475,8.075149124889329,0.4405267494581293,8.075149124889329,0.4405267494581293,146692,0.146692
noise,sigma=0.1,0.1,T2-d,1.0,3.972,42,1000000,0.299482,-0.01538104178290807,0.7474194596567103,0.04551455121092765,-0.06089559299383572,-0.01471433025584511,0.0006667115270629596,0.0031693783707959972,-0.020926311862605265,-0.008502348649084956,1,0.30202649364795575,-0.004444117573550926,8.075149124889329,0.4405267494581293,8.114832324117083,0.4541160770462324,146692,0.146692
noise,sigma=0.2,0.2,T2-d,1.0,3.972,42,1000000,0.299482,-0.01538104178290807,0.7474194596567103,0.04551455121092765,-0.06089559299383572,-0.014775339388029718,0.0006057023948783519,0.0032309727447594476,-0.021108045967758234,-0.0084426328083012,1,0.3019742089192524,-0.004461771423213745,8.075149124889329,0.4405267494581293,8.236785034076032,0.49305304582506454,146692,0.146692
noise,sigma=0.4,0.4,T2-d,1.0,3.972,42,1000000,0.299482,-0.01538104178290807,0.7474194596567103,0.04551455121092765,-0.06089559299383572,-0.017916352526447903,-0.002535310743539833,0.0034294089970711805,-0.024637994160707416,-0.01119471089218839,1,0.3012012929912836,-0.005396428546653759,8.075149124889329,0.4405267494581293,8.749851648672152,0.6342805006691165,146692,0.146692
spatial,state_K10,0.0,T2-d,1.0,3.972,42,1000000,0.299482,-0.01538104178290807,0.7474194596567103,0.04551455121092765,-0.06089559299383572,-0.015547640238994626,-0.00016659845608655612,0.0030978355490663967,-0.021619397915164762,-0.009475882562824488,1,0.30214472585690333,-0.00469763749773279,8.075149124889329,0.4405267494581293,8.003841961835123,0.41391781488822355,146692,0.146692
temporal,no_b_term,0.0,T2-d,1.0,3.972,42,1000000,0.299482,-0.01538104178290807,0.7474194596567103,0.04551455121092765,-0.06089559299383572,-0.0429828072283664,-0.02760176544545833,0.0034279156493273832,-0.04970152190104807,-0.03626409255568473,0,0.25326902356980496,-0.010886213617017512,8.075149124889329,0.4405267494581293,11.13835058060382,0.28695994622939897,146692,0.146692
noise,sigma=0.0,0.0,T2-d,1.0,3.972,123,1000000,0.300265,-0.01527484438771294,0.7483015667151597,0.045412241297984636,-0.06068708568569758,-0.018293527718215075,-0.0030186833305021338,0.003207042522776481,-0.02457933106285698,-0.012007724373573172,1,0.29613377663617657,-0.005417331451193608,8.07014499816701,0.4399571378459961,8.07014499816701,0.4399571378459961,146645,0.146645
noise,sigma=0.1,0.1,T2-d,1.0,3.972,123,1000000,0.300265,-0.01527484438771294,0.7483015667151597,0.045412241297984636,-0.06068708568569758,-0.01836600604717338,-0.0030911616594604396,0.003226010283598483,-0.024688986203026408,-0.012043025891320353,1,0.2958481255055653,-0.0054335484620801205,8.07014499816701,0.4399571378459961,8.111888868768776,0.45313681465112743,146645,0.146645
noise,sigma=0.2,0.2,T2-d,1.0,3.972,123,1000000,0.300265,-0.01527484438771294,0.7483015667151597,0.045412241297984636,-0.06068708568569758,-0.018318819456173946,-0.003043975068461005,0.0032724815265115057,-0.024732883248136498,-0.011904755664211394,1,0.2962479696605716,-0.005426913070470107,8.07014499816701,0.4399571378459961,8.231039024844426,0.4920040387418979,146645,0.146645
noise,sigma=0.4,0.4,T2-d,1.0,3.972,123,1000000,0.300265,-0.01527484438771294,0.7483015667151597,0.045412241297984636,-0.06068708568569758,-0.016749231669566596,-0.0014743872818536556,0.003453362679485618,-0.02351782252135841,-0.009980640817774784,1,0.2962776796226447,-0.004962423494521306,8.07014499816701,0.4399571378459961,8.745648098509461,0.631954006907444,146645,0.146645
spatial,state_K10,0.0,T2-d,1.0,3.972,123,1000000,0.300265,-0.01527484438771294,0.7483015667151597,0.045412241297984636,-0.06068708568569758,-0.01990826234409284,-0.0046334179563799,0.003155033332595623,-0.02609212767598026,-0.01372439701220542,1,0.2960086683361767,-0.005893018225362173,8.07014499816701,0.4399571378459961,7.999178352042637,0.4136104802926891,146645,0.146645
temporal,no_b_term,0.0,T2-d,1.0,3.972,123,1000000,0.300265,-0.01527484438771294,0.7483015667151597,0.045412241297984636,-0.06068708568569758,-0.047673751814510154,-0.03239890742679721,0.003501418841399241,-0.054536532743652666,-0.04081097088536764,0,0.24797368890415594,-0.011821836101345282,8.07014499816701,0.4399571378459961,11.141966624541784,0.28668769561606355,146645,0.146645
noise,sigma=0.0,0.0,T2-d,1.0,3.972,456,1000000,0.300074,-0.015411669271373322,0.7470412166187527,0.04551394503372711,-0.060925614305100434,-0.021061851215069868,-0.005650181943696545,0.0032210662301285337,-0.027375141026121794,-0.014748561404017941,1,0.29453100946410876,-0.0062033682995573936,8.077323221300718,0.440827100173654,8.077323221300718,0.440827100173654,146487,0.146487
noise,sigma=0.1,0.1,T2-d,1.0,3.972,456,1000000,0.300074,-0.015411669271373322,0.7470412166187527,0.04551394503372711,-0.060925614305100434,-0.021057508283672328,-0.005645839012299005,0.003236799293269049,-0.027401634898479663,-0.014713381668864992,1,0.2943158105931532,-0.0061975576195810594,8.077323221300718,0.440827100173654,8.119315702433234,0.45429997488558627,146487,0.146487
noise,sigma=0.2,0.2,T2-d,1.0,3.972,456,1000000,0.300074,-0.015411669271373322,0.7470412166187527,0.04551394503372711,-0.060925614305100434,-0.020164503143680467,-0.004752833872307145,0.0032913489753965256,-0.026615547135457655,-0.013713459151903277,1,0.29424947357867154,-0.0059333944350034445,8.077323221300718,0.440827100173654,8.238802758011765,0.4935303180149707,146487,0.146487
noise,sigma=0.4,0.4,T2-d,1.0,3.972,456,1000000,0.300074,-0.015411669271373322,0.7470412166187527,0.04551394503372711,-0.060925614305100434,-0.020923479636301468,-0.005511810364928146,0.003470080010434799,-0.027724836456753672,-0.014122122815849262,1,0.2954019132315277,-0.006180835916024363,8.077323221300718,0.440827100173654,8.751051080215023,0.6331517777610065,146487,0.146487
spatial,state_K10,0.0,T2-d,1.0,3.972,456,1000000,0.300074,-0.015411669271373322,0.7470412166187527,0.04551394503372711,-0.060925614305100434,-0.021619387271158145,-0.006207717999784822,0.0031743618424739436,-0.027841136482407075,-0.015397638059909215,1,0.2947893981944866,-0.006373166162998253,8.077323221300718,0.440827100173654,8.006068109609204,0.4143281603779884,146487,0.146487
temporal,no_b_term,0.0,T2-d,1.0,3.972,456,1000000,0.300074,-0.015411669271373322,0.7470412166187527,0.04551394503372711,-0.060925614305100434,-0.048556514737192184,-0.03314484546581886,0.0035093519600112493,-0.05543484457881423,-0.04167818489557014,0,0.24737052295364903,-0.012011450443345797,8.077323221300718,0.440827100173654,11.143664763288424,0.2869141146374003,146487,0.146487
noise,sigma=0.0,0.0,T2-d,1.0,3.972,789,1000000,0.299007,-0.015254671553074577,0.7484747873209464,0.04539400613054018,-0.06064867768361476,-0.016126557611569708,-0.0008718860584951311,0.0031968028837128224,-0.02239229126364684,-0.009860823959492577,1,0.296684556360807,-0.0047845005906155536,8.07817917019343,0.44028147464434647,8.07817917019343,0.44028147464434647,146440,0.14644
noise,sigma=0.1,0.1,T2-d,1.0,3.972,789,1000000,0.299007,-0.015254671553074577,0.7484747873209464,0.04539400613054018,-0.06064867768361476,-0.015359997474655242,-0.00010532592158066581,0.0032071941965297066,-0.02164609809985347,-0.009073896849457017,1,0.2970130004460086,-0.0045621189367904685,8.07817917019343,0.44028147464434647,8.118043229612667,0.4540078666696984,146440,0.14644
noise,sigma=0.2,0.2,T2-d,1.0,3.972,789,1000000,0.299007,-0.015254671553074577,0.7484747873209464,0.04539400613054018,-0.06064867768361476,-0.0170529372689559,-0.0017982657158813233,0.003265425461238847,-0.02345317117298404,-0.01065270336492776,1,0.29670010921759776,-0.005059608350180059,8.07817917019343,0.44028147464434647,8.243633488692488,0.49236558146105874,146440,0.14644
noise,sigma=0.4,0.4,T2-d,1.0,3.972,789,1000000,0.299007,-0.015254671553074577,0.7484747873209464,0.04539400613054018,-0.06064867768361476,-0.015415405476331127,-0.00016073392325655078,0.003439398005606417,-0.022156625567319704,-0.00867418538534255,1,0.29832642326904846,-0.004598822778995967,8.07817917019343,0.44028147464434647,8.747957669477387,0.6322542719594239,146440,0.14644
spatial,state_K10,0.0,T2-d,1.0,3.972,789,1000000,0.299007,-0.015254671553074577,0.7484747873209464,0.04539400613054018,-0.06064867768361476,-0.016806890225864766,-0.0015522186727901892,0.0031448980343536715,-0.022970890373197963,-0.010642890078531569,1,0.2964763684196646,-0.004982845778592343,8.07817917019343,0.44028147464434647,8.0069243372044,0.41372912717688676,146440,0.14644
temporal,no_b_term,0.0,T2-d,1.0,3.972,789,1000000,0.299007,-0.015254671553074577,0.7484747873209464,0.04539400613054018,-0.06064867768361476,-0.04458392254570218,-0.029329250992627606,0.003480382999748446,-0.051405473225209136,-0.03776237186619523,0,0.248803326347931,-0.011092628231009219,8.07817917019343,0.44028147464434647,11.145654336286556,0.2871784816137895,146440,0.14644
noise,sigma=0.0,0.0,T2-d,1.0,3.972,2026,1000000,0.299895,-0.015288776106372047,0.7481406316832039,0.0454148467469235,-0.060703622853295544,-0.014760410294420847,0.0005283658119512001,0.0031506508786196346,-0.020935686016515333,-0.008585134572326363,1,0.2995921193848332,-0.0044221026030952515,8.074385730212743,0.4395540570758248,8.074385730212743,0.4395540570758248,146765,0.146765
noise,sigma=0.1,0.1,T2-d,1.0,3.972,2026,1000000,0.299895,-0.015288776106372047,0.7481406316832039,0.0454148467469235,-0.060703622853295544,-0.014380034221673088,0.0009087418846989593,0.003168955069695347,-0.020591186158275966,-0.008168882285070208,1,0.2996440597093999,-0.004308891832942224,8.074385730212743,0.4395540570758248,8.116028268813073,0.45323405937332745,146765,0.146765
noise,sigma=0.2,0.2,T2-d,1.0,3.972,2026,1000000,0.299895,-0.015288776106372047,0.7481406316832039,0.0454148467469235,-0.060703622853295544,-0.015146453651904984,0.00014232245446706322,0.003224492412810865,-0.02146645878101428,-0.00882644852279569,1,0.29898389533179603,-0.0045285457133090595,8.074385730212743,0.4395540570758248,8.239764806928653,0.4922258631167354,146765,0.146765
noise,sigma=0.4,0.4,T2-d,1.0,3.972,2026,1000000,0.299895,-0.015288776106372047,0.7481406316832039,0.0454148467469235,-0.060703622853295544,-0.010918070621305,0.004370705485067046,0.0034122372876733845,-0.017606055705144834,-0.004230085537465168,1,0.29963824154823726,-0.0032714714820673008,8.074385730212743,0.4395540570758248,8.744548195692726,0.6331338820334981,146765,0.146765
spatial,state_K10,0.0,T2-d,1.0,3.972,2026,1000000,0.299895,-0.015288776106372047,0.7481406316832039,0.0454148467469235,-0.060703622853295544,-0.015717219598480433,-0.00042844349210838586,0.0031057439917962894,-0.02180447782240116,-0.009629961374559706,1,0.29939889649529094,-0.004705718203759202,8.074385730212743,0.4395540570758248,8.003881940928538,0.4135333517331748,146765,0.146765
temporal,no_b_term,0.0,T2-d,1.0,3.972,2026,1000000,0.299895,-0.015288776106372047,0.7481406316832039,0.0454148467469235,-0.060703622853295544,-0.0452538881149823,-0.029965112008610253,0.00344763256384161,-0.05201124794011186,-0.03849652828985274,0,0.25066920044135266,-0.011343755950645046,8.074385730212743,0.4395540570758248,11.139281379552756,0.2867381532225058,146765,0.146765
noise,sigma=0.0,0.0,T2-null,0.5,4.99720863,42,1000000,0.338096,0.0018608731344097323,1.0285207095336806,0.06710725602022793,-0.0652463828858182,0.0035962574666906443,0.001735384332280912,0.0028758237511943194,-0.0020403570856502213,0.00923287201903151,1,0.33828399726146574,0.0012165563510135036,7.442769771682545,0.4717677938489621,7.442769771682545,0.4717677938489621,162130,0.16213
noise,sigma=0.1,0.1,T2-null,0.5,4.99720863,42,1000000,0.338096,0.0018608731344097323,1.0285207095336806,0.06710725602022793,-0.0652463828858182,0.003772306658389431,0.0019114335239796987,0.002889267604273148,-0.0018906578459859389,0.0094352711627648,1,0.33793318051216265,0.0012747875869367487,7.442769771682545,0.4717677938489621,7.479359258425353,0.48479886365724867,162130,0.16213
noise,sigma=0.2,0.2,T2-null,0.5,4.99720863,42,1000000,0.338096,0.0018608731344097323,1.0285207095336806,0.06710725602022793,-0.0652463828858182,0.0036630121540600006,0.0018021390196502683,0.002937441599230175,-0.002094373380431142,0.009420397688551144,1,0.3384117085736578,0.0012396062015815196,7.442769771682545,0.4717677938489621,7.591768409728735,0.5223463066336506,162130,0.16213
noise,sigma=0.4,0.4,T2-null,0.5,4.99720863,42,1000000,0.338096,0.0018608731344097323,1.0285207095336806,0.06710725602022793,-0.0652463828858182,0.001777362061302313,-8.35110731074193e-05,0.003117096544722807,-0.004332147166354388,0.007886871288959015,1,0.33789795489928653,0.0006005670056296319,7.442769771682545,0.4717677938489621,8.06534788222511,0.6604973405495494,162130,0.16213
spatial,state_K10,0.0,T2-null,0.5,4.99720863,42,1000000,0.338096,0.0018608731344097323,1.0285207095336806,0.06710725602022793,-0.0652463828858182,0.0026068594004354582,0.0007459862660257259,0.002829737108603886,-0.002939425332428158,0.008153144133299074,1,0.3383362693867875,0.0008819950843592106,7.442769771682545,0.4717677938489621,7.377937281275107,0.44614515867158916,162130,0.16213
temporal,no_b_term,0.0,T2-null,0.5,4.99720863,42,1000000,0.338096,0.0018608731344097323,1.0285207095336806,0.06710725602022793,-0.0652463828858182,-0.023192316912141506,-0.025053190046551238,0.003342824242918729,-0.029744252428262216,-0.016640381396020795,0,0.265368997997411,-0.0061545219002134,7.442769771682545,0.4717677938489621,11.288710928399665,0.3233701104029515,162130,0.16213
noise,sigma=0.0,0.0,T2-null,0.5,4.99720863,123,1000000,0.338463,0.0018678551003430965,1.028635060349646,0.06709750985000372,-0.06522965474966062,-0.0010335348656925285,-0.002901389966035625,0.0028616920471667457,-0.006642451278139351,0.004575381546754293,1,0.3370315596336658,-0.0003483338677201242,7.436467279000225,0.471342675851105,7.436467279000225,0.471342675851105,162343,0.162343
noise,sigma=0.1,0.1,T2-null,0.5,4.99720863,123,1000000,0.338463,0.0018678551003430965,1.028635060349646,0.06709750985000372,-0.06522965474966062,-0.0010338754722452983,-0.002901730572588395,0.0028797163499467357,-0.006678119518140901,0.004610368573650304,1,0.3365453618674822,-0.00034794599493270795,7.436467279000225,0.471342675851105,7.475155487600305,0.48408423213893353,162343,0.162343
noise,sigma=0.2,0.2,T2-null,0.5,4.99720863,123,1000000,0.338463,0.0018678551003430965,1.028635060349646,0.06709750985000372,-0.06522965474966062,-0.0008975196205957221,-0.0027653747209388188,0.0029184661452949117,-0.006617713265373749,0.004822674024182305,1,0.33702181463512015,-0.0003024836912037948,7.436467279000225,0.471342675851105,7.584804975202117,0.5215281882820741,162343,0.162343
noise,sigma=0.4,0.4,T2-null,0.5,4.99720863,123,1000000,0.338463,0.0018678551003430965,1.028635060349646,0.06709750985000372,-0.06522965474966062,0.0006566941321992652,-0.0012111609681438314,0.003081473368782221,-0.005382993670613888,0.006696381935012418,1,0.33719211479584643,0.0002214320832102934,7.436467279000225,0.471342675851105,8.059232145917425,0.6579302093898994,162343,0.162343
spatial,state_K10,0.0,T2-null,0.5,4.99720863,123,1000000,0.338463,0.0018678551003430965,1.028635060349646,0.06709750985000372,-0.06522965474966062,-0.002920363720269436,-0.004788218820612533,0.002826520346724475,-0.008460343599849407,0.0026196161593105348,1,0.33714328585260533,-0.0009845810205363764,7.436467279000225,0.471342675851105,7.372014889929667,0.44599596472610525,162343,0.162343
temporal,no_b_term,0.0,T2-null,0.5,4.99720863,123,1000000,0.338463,0.0018678551003430965,1.028635060349646,0.06709750985000372,-0.06522965474966062,-0.030860175275216735,-0.03272803037555983,0.003357205926976314,-0.03744029889209031,-0.024280051658343158,0,0.2641260627114924,-0.008150976590029543,7.436467279000225,0.471342675851105,11.29290092011787,0.32308182537491287,162343,0.162343
noise,sigma=0.0,0.0,T2-null,0.5,4.99720863,456,1000000,0.338206,0.0017544586471309742,1.0268079517394388,0.06719991543486029,-0.06544545678772931,-0.0015127583234579324,-0.003267216970588907,0.002866203694288391,-0.007130517564263179,0.004105000917347314,1,0.3359420083248562,-0.0005081990692926003,7.444619843742085,0.4718924942944029,7.444619843742085,0.4718924942944029,162152,0.162152
noise,sigma=0.1,0.1,T2-null,0.5,4.99720863,456,1000000,0.338206,0.0017544586471309742,1.0268079517394388,0.06719991543486029,-0.06544545678772931,-0.0014481532363284707,-0.0032026118834594447,0.002878253908414413,-0.00708953089682072,0.004193224424163779,1,0.33592143217576753,-0.0004864657091574326,7.444619843742085,0.4718924942944029,7.483365352860305,0.4848300402981023,162152,0.162152
noise,sigma=0.2,0.2,T2-null,0.5,4.99720863,456,1000000,0.338206,0.0017544586471309742,1.0268079517394388,0.06719991543486029,-0.06544545678772931,-0.0007792114064836466,-0.0025336700536146206,0.002932926224894977,-0.006527746807277801,0.004969323994310508,1,0.3353507271627634,-0.00026130911177781047,7.444619843742085,0.4718924942944029,7.593800065449719,0.5227656438255226,162152,0.162152
noise,sigma=0.4,0.4,T2-null,0.5,4.99720863,456,1000000,0.338206,0.0017544586471309742,1.0268079517394388,0.06719991543486029,-0.06544545678772931,-0.0018863754275904579,-0.003640834074721432,0.0030972056093418582,-0.007956898421900501,0.0041841475667195845,1,0.3370858154304361,-0.0006358703992172671,7.444619843742085,0.4718924942944029,8.064897041499307,0.6583981689324313,162152,0.162152
spatial,state_K10,0.0,T2-null,0.5,4.99720863,456,1000000,0.338206,0.0017544586471309742,1.0268079517394388,0.06719991543486029,-0.06544545678772931,-0.0025159262965763164,-0.004270384943707291,0.0028349823024950856,-0.008072491609466683,0.003040639016314051,1,0.336352320624946,-0.0008462376483747702,7.444619843742085,0.4718924942944029,7.3799124684814235,0.44648469992785106,162152,0.162152
temporal,no_b_term,0.0,T2-null,0.5,4.99720863,456,1000000,0.338206,0.0017544586471309742,1.0268079517394388,0.06719991543486029,-0.06544545678772931,-0.03030677816290075,-0.03206123681003173,0.0033705662240669934,-0.03691308796207206,-0.023700468363729445,0,0.26331691410433,-0.007980287302299521,7.444619843742085,0.4718924942944029,11.293094022248477,0.3235161665189187,162152,0.162152
noise,sigma=0.0,0.0,T2-null,0.5,4.99720863,789,1000000,0.337737,0.001867450143273608,1.0286718031041764,0.06699938957827882,-0.06513193943500521,0.002225626002093242,0.00035817585881963397,0.0028603305279330093,-0.003380621832655456,0.007831873836841939,1,0.33699938698311743,0.0007500345983591089,7.449906413137123,0.4717057794413938,7.449906413137123,0.4717057794413938,162207,0.162207
noise,sigma=0.1,0.1,T2-null,0.5,4.99720863,789,1000000,0.337737,0.001867450143273608,1.0286718031041764,0.06699938957827882,-0.06513193943500521,0.002682093800033361,0.0008146436567597532,0.0028704952670760247,-0.0029440769234356473,0.00830826452350237,1,0.33738451520677476,0.0009048969164633519,7.449906413137123,0.4717057794413938,7.486726132354923,0.4848915006933898,162207,0.162207
noise,sigma=0.2,0.2,T2-null,0.5,4.99720863,789,1000000,0.337737,0.001867450143273608,1.0286718031041764,0.06699938957827882,-0.06513193943500521,0.0010127628893256435,-0.0008546872539479645,0.002920723011464892,-0.004711854213145544,0.006737379991796832,1,0.33706292173665126,0.0003413648185025542,7.449906413137123,0.4717057794413938,7.602903239851049,0.5219333393466922,162207,0.162207
noise,sigma=0.4,0.4,T2-null,0.5,4.99720863,789,1000000,0.337737,0.001867450143273608,1.0286718031041764,0.06699938957827882,-0.06513193943500521,0.002960137292776869,0.001092687149503261,0.003113707722954753,-0.0031427298442144474,0.009063004429768186,1,0.3354993399586486,0.0009931241079136205,7.449906413137123,0.4717057794413938,8.068575850270589,0.6588160606588674,162207,0.162207
spatial,state_K10,0.0,T2-null,0.5,4.99720863,789,1000000,0.337737,0.001867450143273608,1.0286718031041764,0.06699938957827882,-0.06513193943500521,0.0014513572811264608,-0.00041609286214714714,0.002825461635236005,-0.004086547523936108,0.00698926208618903,1,0.3366841355156359,0.0004886489715203862,7.449906413137123,0.4717057794413938,7.385127344858451,0.44620775677495667,162207,0.162207
temporal,no_b_term,0.0,T2-null,0.5,4.99720863,789,1000000,0.337737,0.001867450143273608,1.0286718031041764,0.06699938957827882,-0.06513193943500521,-0.02574533164079337,-0.027612781784066977,0.003342191129174109,-0.032296026253974625,-0.019194637027612114,0,0.2654369357301608,-0.006833761940088945,7.449906413137123,0.4717057794413938,11.288445445659972,0.323299208200763,162207,0.162207
noise,sigma=0.0,0.0,T2-null,0.5,4.99720863,2026,1000000,0.338805,0.0018914502405623507,1.0290442092429917,0.06701459491762947,-0.06512314467706712,0.004378511711702024,0.0024870614711396738,0.0028407013001137587,-0.0011892628365209428,0.009946286259924992,1,0.33876836482320705,0.0014833012529325562,7.442557838635181,0.4707949366950774,7.442557838635181,0.4707949366950774,162484,0.162484
noise,sigma=0.1,0.1,T2-null,0.5,4.99720863,2026,1000000,0.338805,0.0018914502405623507,1.0290442092429917,0.06701459491762947,-0.06512314467706712,0.004674493113619083,0.0027830428730567323,0.0028558077948553336,-0.0009228901642973708,0.010271876391535536,1,0.33911752353054336,0.0015852025284510823,7.442557838635181,0.4707949366950774,7.481102556125788,0.4839725881768404,162484,0.162484
noise,sigma=0.2,0.2,T2-null,0.5,4.99720863,2026,1000000,0.338805,0.0018914502405623507,1.0290442092429917,0.06701459491762947,-0.06512314467706712,0.003977723794487437,0.002086273553925086,0.0029118477046145494,-0.0017294977065570802,0.009684945295531953,1,0.3376128857394415,0.0013429308089313446,7.442557838635181,0.4707949366950774,7.595230145518263,0.5215061863904527,162484,0.162484
noise,sigma=0.4,0.4,T2-null,0.5,4.99720863,2026,1000000,0.338805,0.0018914502405623507,1.0290442092429917,0.06701459491762947,-0.06512314467706712,0.0075952033380948655,0.005703753097532515,0.0030852809095083143,0.0015480527554585692,0.013642353920731161,1,0.33853550033847163,0.0025712459622343753,7.442557838635181,0.4707949366950774,8.061138101341967,0.6591761886514963,162484,0.162484
spatial,state_K10,0.0,T2-null,0.5,4.99720863,2026,1000000,0.338805,0.0018914502405623507,1.0290442092429917,0.06701459491762947,-0.06512314467706712,0.0032280759454097986,0.001336625704847448,0.002809065848717126,-0.0022776931180757687,0.008733845008895366,1,0.3386619212830961,0.0010932264017202292,7.442557838635181,0.4707949366950774,7.378501826349554,0.4457534292996819,162484,0.162484
temporal,no_b_term,0.0,T2-null,0.5,4.99720863,2026,1000000,0.338805,0.0018914502405623507,1.0290442092429917,0.06701459491762947,-0.06512314467706712,-0.022836346642442315,-0.024727796883004666,0.0033275375422302665,-0.029358320225213636,-0.016314373059670994,0,0.26587592709832963,-0.0060716348350981775,7.442557838635181,0.4707949366950774,11.288685920698294,0.32326310024423105,162484,0.162484
